country	setting	severity	gap	da_lo	da_hi	ic_lo	ic_hi	icer	inb_oc	inb_oc_lo	inb_oc_hi	inb_1x	inb_1x_lo	inb_1x_hi	daly_averted	incr_cost	gdp_pc	thr_1x	thr_3x	thr_oc	verdict	verdict_oc
Ecuador	LMIC	less_severe	0.2	0.16971143998048732	1.2617179377368894	1248.3031331292736	1945.933583944325	2227.0855478719063	738.9000954759177	-1084.3550151454576	2550.6051415200973	3086.530735849366	-536.6193358563563	6644.322212131503	0.7223478893456764	1608.7305448975308	6500	6500	19500	3250	highly cost-effective (<1x GDP)	cost-effective (<opportunity-cost threshold)
Ecuador	LMIC	less_severe	0.30000000000000004	0.14142619998373954	1.0514316147807412	1040.2526109410612	1621.6113199536037	2227.085547871905	615.7500795632653	-903.6291792878816	2125.5042846000797	2572.108946541139	-447.1827798802888	5536.935176776251	0.6019565744547305	1340.6087874146087	6500	6500	19500	3250	highly cost-effective (<1x GDP)	cost-effective (<opportunity-cost threshold)
Ecuador	LMIC	less_severe	0.4	0.1131409599869917	0.8411452918245931	832.2020887528492	1297.2890559628834	2227.085547871905	492.6000636506123	-722.9033434303024	1700.4034276800662	2057.687157232912	-357.7462239042297	4429.548141421003	0.4815652595637845	1072.4870299316872	6500	6500	19500	3250	highly cost-effective (<1x GDP)	cost-effective (<opportunity-cost threshold)
Ecuador	LMIC	less_severe	0.5	0.08485571999024387	0.6308589688684443	624.1515665646368	972.9667919721626	2227.085547871905	369.45004773795927	-542.1775075727271	1275.3025707600484	1543.265367924684	-268.3096679281737	3322.1611060657515	0.36117394467283837	804.3652724487654	6500	6500	19500	3250	highly cost-effective (<1x GDP)	cost-effective (<opportunity-cost threshold)
Ecuador	LMIC	less_severe	0.6000000000000001	0.05657047999349518	0.4205726459122968	416.10104437642474	648.6445279814415	2227.0855478719054	246.30003182530604	-361.4516717151512	850.2017138400319	1028.8435786164555	-178.8731119521173	2214.774070710499	0.24078262978189213	536.2435149658434	6500	6500	19500	3250	highly cost-effective (<1x GDP)	cost-effective (<opportunity-cost threshold)
Ecuador	LMIC	less_severe	0.7	0.0282852399967478	0.2102863229561484	208.05052218821237	324.32226399072096	2227.085547871905	123.15001591265317	-180.72583585757585	425.1008569200198	514.4217893082283	-89.43655597605601	1107.3870353552522	0.1203913148909462	268.12175748292196	6500	6500	19500	3250	highly cost-effective (<1x GDP)	cost-effective (<opportunity-cost threshold)
Ecuador	LMIC	less_severe	0.8	0	0	0	0	NA	0	0	0	0	0	0	0	0	6500	6500	19500	3250	n/a (base case)	n/a (base case)
Ecuador	LMIC	severe	0.2	1.0587495875107176	2.6225810696122127	1248.3031331292736	1945.933583944325	871.8266982727778	4388.303362500792	1761.872203391902	6927.771773347657	10385.337269899115	5223.410519162745	15437.677756823152	1.845241202276407	1608.7305448975308	6500	6500	19500	3250	highly cost-effective (<1x GDP)	cost-effective (<opportunity-cost threshold)
Ecuador	LMIC	severe	0.30000000000000004	0.8822913229255985	2.1854842246768444	1040.2526109410612	1621.6113199536037	871.8266982727775	3656.9194687506606	1468.2268361599215	5773.143144456382	8654.44772491593	4352.842099302289	12864.731464019294	1.5377010018970059	1340.6087874146087	6500	6500	19500	3250	highly cost-effective (<1x GDP)	cost-effective (<opportunity-cost threshold)
Ecuador	LMIC	severe	0.4	0.7058330583404796	1.7483873797414757	832.2020887528492	1297.2890559628834	871.8266982727777	2925.5355750005288	1174.5814689279377	4618.514515565106	6923.558179932745	3482.273679441831	10291.785171215437	1.2301608015176049	1072.4870299316872	6500	6500	19500	3250	highly cost-effective (<1x GDP)	cost-effective (<opportunity-cost threshold)
Ecuador	LMIC	severe	0.5	0.5293747937553597	1.311290534806106	624.1515665646368	972.9667919721626	871.8266982727775	2194.151681250397	880.9361016959498	3463.885886673831	5192.668634949559	2611.7052595813752	7718.838878411581	0.9226206011382038	804.3652724487654	6500	6500	19500	3250	highly cost-effective (<1x GDP)	cost-effective (<opportunity-cost threshold)
Ecuador	LMIC	severe	0.6000000000000001	0.35291652917024063	0.874193689870737	416.10104437642474	648.6445279814415	871.8266982727774	1462.767787500264	587.2907344639664	2309.2572577825485	3461.779089966371	1741.1368397209117	5145.892585607709	0.6150804007588023	536.2435149658434	6500	6500	19500	3250	highly cost-effective (<1x GDP)	cost-effective (<opportunity-cost threshold)
Ecuador	LMIC	severe	0.7	0.1764582645851208	0.43709684493536893	208.05052218821237	324.32226399072096	871.8266982727774	731.3838937501328	293.6453672319836	1154.628628891277	1730.8895449831875	870.5684198604639	2572.946292803861	0.3075402003794015	268.12175748292196	6500	6500	19500	3250	highly cost-effective (<1x GDP)	cost-effective (<opportunity-cost threshold)
Ecuador	LMIC	severe	0.8	0	0	0	0	NA	0	0	0	0	0	0	0	0	6500	6500	19500	3250	n/a (base case)	n/a (base case)
Nigeria	LMIC	less_severe	0.2	0.3217132700736095	3.2305040735636017	2164.1035191972333	3380.590636211811	1479.106618086335	-900.8219190423395	-2503.2184619656414	537.5570010253042	979.3898856712649	-2232.4331225712162	3625.8958185585025	1.8802118047136043	2781.033723755944	2000	2000	6000	1000	highly cost-effective (<1x GDP)	above opportunity-cost threshold
Nigeria	LMIC	less_severe	0.30000000000000004	0.26809439172800803	2.6920867279696683	1803.419599331027	2817.1588635098424	1479.1066180863347	-750.6849325352823	-2086.015384971368	447.9641675210867	816.1582380593882	-1860.360935476014	3021.579848798753	1.5668431705946704	2317.528103129953	2000	2000	6000	1000	highly cost-effective (<1x GDP)	above opportunity-cost threshold
Nigeria	LMIC	less_severe	0.4	0.2144755133824066	2.1536693823757336	1442.7356794648224	2253.7270908078735	1479.1066180863345	-600.5479460282259	-1668.812307977094	358.37133401686873	652.9265904475105	-1488.2887483808104	2417.2638790390033	1.2534745364757365	1854.0224825039622	2000	2000	6000	1000	highly cost-effective (<1x GDP)	above opportunity-cost threshold
Nigeria	LMIC	less_severe	0.5	0.16085663503680517	1.6152520367818006	1082.0517595986164	1690.2953181059054	1479.1066180863343	-450.4109595211695	-1251.6092309828196	268.778500512653	489.6949428356329	-1116.2165612856077	1812.947909279251	0.9401059023568026	1390.516861877972	2000	2000	6000	1000	highly cost-effective (<1x GDP)	above opportunity-cost threshold
Nigeria	LMIC	less_severe	0.6000000000000001	0.10723775669120375	1.0768346911878672	721.3678397324111	1126.8635454039363	1479.1066180863345	-300.2739730141128	-834.4061539885464	179.18566700843596	326.46329522375527	-744.144374190404	1208.6319395194998	0.626737268237868	927.0112412519809	2000	2000	6000	1000	highly cost-effective (<1x GDP)	above opportunity-cost threshold
Nigeria	LMIC	less_severe	0.7	0.053618878345602305	0.5384173455939344	360.683919866206	563.4317727019688	1479.106618086335	-150.1369865070566	-417.20307699427497	89.59283350421778	163.2316476118778	-372.0721870952018	604.3159697597523	0.31336863411893434	463.505620625991	2000	2000	6000	1000	highly cost-effective (<1x GDP)	above opportunity-cost threshold
Nigeria	LMIC	less_severe	0.8	0	0	0	0	NA	0	0	0	0	0	0	0	0	2000	2000	6000	1000	n/a (base case)	n/a (base case)
Nigeria	LMIC	severe	0.2	1.3385905738898618	4.234748221723569	2164.1035191972333	3380.590636211811	977.2456422162849	64.75407372030537	-1488.6865614465505	1619.8591378207143	2910.5418711965544	-117.22307255174854	5744.276751559125	2.845787797476249	2781.033723755944	2000	2000	6000	1000	highly cost-effective (<1x GDP)	cost-effective (<opportunity-cost threshold)
Nigeria	LMIC	severe	0.30000000000000004	1.115492144908218	3.5289568514363077	1803.419599331027	2817.1588635098424	977.2456422162846	53.96172810025493	-1240.572134538791	1349.8826148505957	2425.4515593304627	-97.68589379312495	4786.897292965939	2.3714898312302077	2317.528103129953	2000	2000	6000	1000	highly cost-effective (<1x GDP)	cost-effective (<opportunity-cost threshold)
Nigeria	LMIC	severe	0.4	0.8923937159265743	2.8231654811490454	1442.7356794648224	2253.7270908078735	977.2456422162845	43.16938248020398	-992.4577076310327	1079.9060918804769	1940.3612474643703	-78.14871503450001	3829.5178343727516	1.8971918649841664	1854.0224825039622	2000	2000	6000	1000	highly cost-effective (<1x GDP)	cost-effective (<opportunity-cost threshold)
Nigeria	LMIC	severe	0.5	0.6692952869449309	2.1173741108617845	1082.0517595986164	1690.2953181059054	977.2456422162848	32.37703686015296	-744.3432807232755	809.9295689103581	1455.270935598278	-58.61153627587663	2872.1383757795643	1.4228938987381248	1390.516861877972	2000	2000	6000	1000	highly cost-effective (<1x GDP)	cost-effective (<opportunity-cost threshold)
Nigeria	LMIC	severe	0.6000000000000001	0.44619685796328634	1.4115827405745236	721.3678397324111	1126.8635454039363	977.2456422162844	21.58469124010205	-496.2288538155169	539.9530459402389	970.1806237321849	-39.074357517248544	1914.758917186374	0.9485959324920831	927.0112412519809	2000	2000	6000	1000	highly cost-effective (<1x GDP)	cost-effective (<opportunity-cost threshold)
Nigeria	LMIC	severe	0.7	0.2230984289816436	0.7057913702872609	360.683919866206	563.4317727019688	977.2456422162845	10.792345620051032	-248.11442690775922	269.97652297011894	485.090311866093	-19.537178758626112	957.37945859319	0.47429796624604204	463.505620625991	2000	2000	6000	1000	highly cost-effective (<1x GDP)	cost-effective (<opportunity-cost threshold)
Nigeria	LMIC	severe	0.8	0	0	0	0	NA	0	0	0	0	0	0	0	0	2000	2000	6000	1000	n/a (base case)	n/a (base case)
UK	HIC	less_severe	0.025	0.035603478403184806	0.11861780279731782	1008.0569409187281	1585.6419194531422	16813.021570366458	594.6766466058035	-460.89532681477016	1685.7401339754877	2490.034878089322	453.85904661359695	4562.77800465841	0.07736156046871505	1300.681584877715	49000	49000	147000	24500	highly cost-effective (<1x GDP)	cost-effective (<opportunity-cost threshold)
UK	HIC	less_severe	0.05	0.023735652268789795	0.07907853519821167	672.0379606124831	1057.0946129687616	16813.021570366425	396.4510977372046	-307.2635512098542	1123.8267559836654	1660.0232520595519	302.5726977424131	3041.852003105594	0.05157437364581009	867.1210565851428	49000	49000	147000	24500	highly cost-effective (<1x GDP)	cost-effective (<opportunity-cost threshold)
UK	HIC	less_severe	0.07500000000000001	0.011867826134394783	0.039539267599105934	336.0189803062398	528.5473064843845	16813.02157036654	198.22554886859837	-153.63177560494057	561.913377991826	830.0116260297691	151.28634887119745	1520.926001552822	0.02578718682290493	433.56052829257237	49000	49000	147000	24500	highly cost-effective (<1x GDP)	cost-effective (<opportunity-cost threshold)
UK	HIC	less_severe	0.1	0	0	0	0	NA	0	0	0	0	0	0	0	0	49000	49000	147000	24500	n/a (base case)	n/a (base case)
UK	HIC	severe	0.025	0.1371298807930711	0.30512212243998343	1008.0569409187281	1585.6419194531422	5891.200774140572	4108.521063482685	2033.6296565487219	6277.479883701752	9517.723711843086	5356.201047780048	13772.3952191001	0.22078378156573059	1300.681584877715	49000	49000	147000	24500	highly cost-effective (<1x GDP)	cost-effective (<opportunity-cost threshold)
UK	HIC	severe	0.05	0.09141992052871466	0.20341474829332234	672.0379606124831	1057.0946129687616	5891.200774140563	2739.014042321793	1355.7531043658264	4184.986589134498	6345.149141228729	3570.800698520053	9181.59681273341	0.1471891877104872	867.1210565851428	49000	49000	147000	24500	highly cost-effective (<1x GDP)	cost-effective (<opportunity-cost threshold)
UK	HIC	severe	0.07500000000000001	0.04570996026435731	0.10170737414666092	336.0189803062398	528.5473064843845	5891.20077414059	1369.5070211608918	677.876552182899	2092.4932945672454	3172.574570614356	1785.4003492599868	4590.798406366713	0.07359459385524343	433.56052829257237	49000	49000	147000	24500	highly cost-effective (<1x GDP)	cost-effective (<opportunity-cost threshold)
UK	HIC	severe	0.1	0	0	0	0	NA	0	0	0	0	0	0	0	0	49000	49000	147000	24500	n/a (base case)	n/a (base case)
