country	setting	severity	gap	quantity	n_draws	estimate	mc_se	mc_lo	mc_hi
Ecuador	LMIC	less_severe	0.2	daly_averted	1000	0.7223478893456764	0.008876618597680897	0.7049497168942218	0.739746061797131
Ecuador	LMIC	less_severe	0.2	incr_cost	1000	1608.7305448975308	5.85034743747061	1597.2638639200884	1620.1972258749731
Ecuador	LMIC	less_severe	0.2	p_benefit	1000	1	0	0.9961731014136095	1
Ecuador	LMIC	less_severe	0.2	p_ce_1x	1000	0.944	0.007270763371201131	0.9279763237468875	0.9566253903083978
Ecuador	LMIC	less_severe	0.2	p_ce_3x	1000	0.992	0.0028170906978654425	0.9842934787948114	0.9959408529961804
Ecuador	LMIC	less_severe	0.2	p_ce_oc	1000	0.773	0.013246546719805883	0.746020700386552	0.797889812985279
Ecuador	LMIC	less_severe	0.30000000000000004	daly_averted	1000	0.6019565744547305	0.007397182164734076	0.5874580974118517	0.6164550514976093
Ecuador	LMIC	less_severe	0.30000000000000004	incr_cost	1000	1340.6087874146087	4.875289531225506	1331.0532199334068	1350.1643548958107
Ecuador	LMIC	less_severe	0.30000000000000004	p_benefit	1000	1	0	0.9961731014136095	1
Ecuador	LMIC	less_severe	0.30000000000000004	p_ce_1x	1000	0.944	0.007270763371201131	0.9279763237468875	0.9566253903083978
Ecuador	LMIC	less_severe	0.30000000000000004	p_ce_3x	1000	0.992	0.0028170906978654425	0.9842934787948114	0.9959408529961804
Ecuador	LMIC	less_severe	0.30000000000000004	p_ce_oc	1000	0.773	0.013246546719805883	0.746020700386552	0.797889812985279
Ecuador	LMIC	less_severe	0.4	daly_averted	1000	0.4815652595637845	0.005917745731787268	0.46996647792948143	0.49316404119808754
Ecuador	LMIC	less_severe	0.4	incr_cost	1000	1072.4870299316872	3.900231624980411	1064.8425759467257	1080.1314839166487
Ecuador	LMIC	less_severe	0.4	p_benefit	1000	1	0	0.9961731014136095	1
Ecuador	LMIC	less_severe	0.4	p_ce_1x	1000	0.944	0.007270763371201131	0.9279763237468875	0.9566253903083978
Ecuador	LMIC	less_severe	0.4	p_ce_3x	1000	0.992	0.0028170906978654425	0.9842934787948114	0.9959408529961804
Ecuador	LMIC	less_severe	0.4	p_ce_oc	1000	0.773	0.013246546719805883	0.746020700386552	0.797889812985279
Ecuador	LMIC	less_severe	0.5	daly_averted	1000	0.36117394467283837	0.004438309298840448	0.3524748584471111	0.36987303089856566
Ecuador	LMIC	less_severe	0.5	incr_cost	1000	804.3652724487654	2.925173718735305	798.6319319600442	810.0986129374866
Ecuador	LMIC	less_severe	0.5	p_benefit	1000	1	0	0.9961731014136095	1
Ecuador	LMIC	less_severe	0.5	p_ce_1x	1000	0.944	0.007270763371201131	0.9279763237468875	0.9566253903083978
Ecuador	LMIC	less_severe	0.5	p_ce_3x	1000	0.992	0.0028170906978654425	0.9842934787948114	0.9959408529961804
Ecuador	LMIC	less_severe	0.5	p_ce_oc	1000	0.773	0.013246546719805883	0.746020700386552	0.797889812985279
Ecuador	LMIC	less_severe	0.6000000000000001	daly_averted	1000	0.24078262978189213	0.0029588728658936332	0.2349832389647406	0.24658202059904366
Ecuador	LMIC	less_severe	0.6000000000000001	incr_cost	1000	536.2435149658434	1.950115812490205	532.4212879733626	540.0657419583241
Ecuador	LMIC	less_severe	0.6000000000000001	p_benefit	1000	1	0	0.9961731014136095	1
Ecuador	LMIC	less_severe	0.6000000000000001	p_ce_1x	1000	0.944	0.007270763371201131	0.9279763237468875	0.9566253903083978
Ecuador	LMIC	less_severe	0.6000000000000001	p_ce_3x	1000	0.992	0.0028170906978654425	0.9842934787948114	0.9959408529961804
Ecuador	LMIC	less_severe	0.6000000000000001	p_ce_oc	1000	0.773	0.013246546719805883	0.746020700386552	0.797889812985279
Ecuador	LMIC	less_severe	0.7	daly_averted	1000	0.1203913148909462	0.0014794364329468177	0.11749161948237044	0.12329101029952197
Ecuador	LMIC	less_severe	0.7	incr_cost	1000	268.12175748292196	0.9750579062451036	266.2106439866816	270.03287097916234
Ecuador	LMIC	less_severe	0.7	p_benefit	1000	1	0	0.9961731014136095	1
Ecuador	LMIC	less_severe	0.7	p_ce_1x	1000	0.944	0.007270763371201131	0.9279763237468875	0.9566253903083978
Ecuador	LMIC	less_severe	0.7	p_ce_3x	1000	0.992	0.0028170906978654425	0.9842934787948114	0.9959408529961804
Ecuador	LMIC	less_severe	0.7	p_ce_oc	1000	0.773	0.013246546719805883	0.746020700386552	0.797889812985279
Ecuador	LMIC	less_severe	0.8	daly_averted	1000	0	0	0	0
Ecuador	LMIC	less_severe	0.8	incr_cost	1000	0	0	0	0
Ecuador	LMIC	less_severe	0.8	p_benefit	1000	0	0	0	0.0038268985863905225
Ecuador	LMIC	less_severe	0.8	p_ce_1x	1000	0	0	0	0.0038268985863905225
Ecuador	LMIC	less_severe	0.8	p_ce_3x	1000	0	0	0	0.0038268985863905225
Ecuador	LMIC	less_severe	0.8	p_ce_oc	1000	0	0	0	0.0038268985863905225
Ecuador	LMIC	mixed	0.2	daly_averted	1000	0.8761842732171866	0.008918530537357052	0.8587039533639668	0.8936645930704065
Ecuador	LMIC	mixed	0.2	incr_cost	1000	1608.7305448975308	5.85034743747061	1597.2638639200884	1620.1972258749731
Ecuador	LMIC	mixed	0.2	p_benefit	1000	1	0	0.9961731014136095	1
Ecuador	LMIC	mixed	0.2	p_ce_1x	1000	0.991	0.0029864694875387575	0.982983992177176	0.9952579934109885
Ecuador	LMIC	mixed	0.2	p_ce_3x	1000	1	0	0.9961731014136095	1
Ecuador	LMIC	mixed	0.2	p_ce_oc	1000	0.895	0.009694070352540258	0.8744642376371892	0.9125125124795623
Ecuador	LMIC	mixed	0.30000000000000004	daly_averted	1000	0.7301535610143223	0.00743210878113087	0.7155866278033057	0.7447204942253388
Ecuador	LMIC	mixed	0.30000000000000004	incr_cost	1000	1340.6087874146087	4.875289531225506	1331.0532199334068	1350.1643548958107
Ecuador	LMIC	mixed	0.30000000000000004	p_benefit	1000	1	0	0.9961731014136095	1
Ecuador	LMIC	mixed	0.30000000000000004	p_ce_1x	1000	0.991	0.0029864694875387575	0.982983992177176	0.9952579934109885
Ecuador	LMIC	mixed	0.30000000000000004	p_ce_3x	1000	1	0	0.9961731014136095	1
Ecuador	LMIC	mixed	0.30000000000000004	p_ce_oc	1000	0.895	0.009694070352540258	0.8744642376371892	0.9125125124795623
Ecuador	LMIC	mixed	0.4	daly_averted	1000	0.5841228488114578	0.005945687024904697	0.5724693022426446	0.595776395380271
Ecuador	LMIC	mixed	0.4	incr_cost	1000	1072.4870299316872	3.900231624980411	1064.8425759467257	1080.1314839166487
Ecuador	LMIC	mixed	0.4	p_benefit	1000	1	0	0.9961731014136095	1
Ecuador	LMIC	mixed	0.4	p_ce_1x	1000	0.991	0.0029864694875387575	0.982983992177176	0.9952579934109885
Ecuador	LMIC	mixed	0.4	p_ce_3x	1000	1	0	0.9961731014136095	1
Ecuador	LMIC	mixed	0.4	p_ce_oc	1000	0.895	0.009694070352540258	0.8744642376371892	0.9125125124795623
Ecuador	LMIC	mixed	0.5	daly_averted	1000	0.4380921366085934	0.004459265268678524	0.4293519766819835	0.44683229653520334
Ecuador	LMIC	mixed	0.5	incr_cost	1000	804.3652724487654	2.9251737187353055	798.6319319600442	810.0986129374866
Ecuador	LMIC	mixed	0.5	p_benefit	1000	1	0	0.9961731014136095	1
Ecuador	LMIC	mixed	0.5	p_ce_1x	1000	0.991	0.0029864694875387575	0.982983992177176	0.9952579934109885
Ecuador	LMIC	mixed	0.5	p_ce_3x	1000	1	0	0.9961731014136095	1
Ecuador	LMIC	mixed	0.5	p_ce_oc	1000	0.895	0.009694070352540258	0.8744642376371892	0.9125125124795623
Ecuador	LMIC	mixed	0.6000000000000001	daly_averted	1000	0.2920614244057288	0.0029728435124523464	0.2862346511213222	0.2978881976901354
Ecuador	LMIC	mixed	0.6000000000000001	incr_cost	1000	536.2435149658434	1.950115812490205	532.4212879733626	540.0657419583241
Ecuador	LMIC	mixed	0.6000000000000001	p_benefit	1000	1	0	0.9961731014136095	1
Ecuador	LMIC	mixed	0.6000000000000001	p_ce_1x	1000	0.991	0.0029864694875387575	0.982983992177176	0.9952579934109885
Ecuador	LMIC	mixed	0.6000000000000001	p_ce_3x	1000	1	0	0.9961731014136095	1
Ecuador	LMIC	mixed	0.6000000000000001	p_ce_oc	1000	0.895	0.009694070352540258	0.8744642376371892	0.9125125124795623
Ecuador	LMIC	mixed	0.7	daly_averted	1000	0.14603071220286457	0.0014864217562261758	0.14311732556066126	0.14894409884506787
Ecuador	LMIC	mixed	0.7	incr_cost	1000	268.12175748292196	0.9750579062451036	266.2106439866816	270.03287097916234
Ecuador	LMIC	mixed	0.7	p_benefit	1000	1	0	0.9961731014136095	1
Ecuador	LMIC	mixed	0.7	p_ce_1x	1000	0.991	0.0029864694875387575	0.982983992177176	0.9952579934109885
Ecuador	LMIC	mixed	0.7	p_ce_3x	1000	1	0	0.9961731014136095	1
Ecuador	LMIC	mixed	0.7	p_ce_oc	1000	0.895	0.009694070352540258	0.8744642376371892	0.9125125124795623
Ecuador	LMIC	mixed	0.8	daly_averted	1000	0	0	0	0
Ecuador	LMIC	mixed	0.8	incr_cost	1000	0	0	0	0
Ecuador	LMIC	mixed	0.8	p_benefit	1000	0	0	0	0.0038268985863905225
Ecuador	LMIC	mixed	0.8	p_ce_1x	1000	0	0	0	0.0038268985863905225
Ecuador	LMIC	mixed	0.8	p_ce_3x	1000	0	0	0	0.0038268985863905225
Ecuador	LMIC	mixed	0.8	p_ce_oc	1000	0	0	0	0.0038268985863905225
Ecuador	LMIC	severe	0.2	daly_averted	1000	1.845241202276407	0.013149493186847262	1.8194681956301864	1.8710142089226278
Ecuador	LMIC	severe	0.2	incr_cost	1000	1608.7305448975308	5.85034743747061	1597.2638639200884	1620.1972258749731
Ecuador	LMIC	severe	0.2	p_benefit	1000	1	0	0.9961731014136095	1
Ecuador	LMIC	severe	0.2	p_ce_1x	1000	1	0	0.9961731014136095	1
Ecuador	LMIC	severe	0.2	p_ce_3x	1000	1	0	0.9961731014136095	1
Ecuador	LMIC	severe	0.2	p_ce_oc	1000	1	0	0.9961731014136095	1
Ecuador	LMIC	severe	0.30000000000000004	daly_averted	1000	1.5377010018970059	0.010957910989039386	1.5162234963584886	1.559178507435523
Ecuador	LMIC	severe	0.30000000000000004	incr_cost	1000	1340.6087874146087	4.875289531225506	1331.0532199334068	1350.1643548958107
Ecuador	LMIC	severe	0.30000000000000004	p_benefit	1000	1	0	0.9961731014136095	1
Ecuador	LMIC	severe	0.30000000000000004	p_ce_1x	1000	1	0	0.9961731014136095	1
Ecuador	LMIC	severe	0.30000000000000004	p_ce_3x	1000	1	0	0.9961731014136095	1
Ecuador	LMIC	severe	0.30000000000000004	p_ce_oc	1000	1	0	0.9961731014136095	1
Ecuador	LMIC	severe	0.4	daly_averted	1000	1.2301608015176049	0.008766328791231508	1.2129787970867911	1.2473428059484186
Ecuador	LMIC	severe	0.4	incr_cost	1000	1072.4870299316872	3.900231624980411	1064.8425759467257	1080.1314839166487
Ecuador	LMIC	severe	0.4	p_benefit	1000	1	0	0.9961731014136095	1
Ecuador	LMIC	severe	0.4	p_ce_1x	1000	1	0	0.9961731014136095	1
Ecuador	LMIC	severe	0.4	p_ce_3x	1000	1	0	0.9961731014136095	1
Ecuador	LMIC	severe	0.4	p_ce_oc	1000	1	0	0.9961731014136095	1
Ecuador	LMIC	severe	0.5	daly_averted	1000	0.9226206011382038	0.00657474659342363	0.9097340978150934	0.9355071044613141
Ecuador	LMIC	severe	0.5	incr_cost	1000	804.3652724487654	2.925173718735305	798.6319319600442	810.0986129374866
Ecuador	LMIC	severe	0.5	p_benefit	1000	1	0	0.9961731014136095	1
Ecuador	LMIC	severe	0.5	p_ce_1x	1000	1	0	0.9961731014136095	1
Ecuador	LMIC	severe	0.5	p_ce_3x	1000	1	0	0.9961731014136095	1
Ecuador	LMIC	severe	0.5	p_ce_oc	1000	1	0	0.9961731014136095	1
Ecuador	LMIC	severe	0.6000000000000001	daly_averted	1000	0.6150804007588023	0.004383164395615752	0.6064893985433955	0.6236714029742092
Ecuador	LMIC	severe	0.6000000000000001	incr_cost	1000	536.2435149658434	1.950115812490205	532.4212879733626	540.0657419583241
Ecuador	LMIC	severe	0.6000000000000001	p_benefit	1000	1	0	0.9961731014136095	1
Ecuador	LMIC	severe	0.6000000000000001	p_ce_1x	1000	1	0	0.9961731014136095	1
Ecuador	LMIC	severe	0.6000000000000001	p_ce_3x	1000	1	0	0.9961731014136095	1
Ecuador	LMIC	severe	0.6000000000000001	p_ce_oc	1000	1	0	0.9961731014136095	1
Ecuador	LMIC	severe	0.7	daly_averted	1000	0.3075402003794015	0.002191582197807879	0.30324469927169806	0.31183570148710493
Ecuador	LMIC	severe	0.7	incr_cost	1000	268.12175748292196	0.9750579062451036	266.2106439866816	270.03287097916234
Ecuador	LMIC	severe	0.7	p_benefit	1000	1	0	0.9961731014136095	1
Ecuador	LMIC	severe	0.7	p_ce_1x	1000	1	0	0.9961731014136095	1
Ecuador	LMIC	severe	0.7	p_ce_3x	1000	1	0	0.9961731014136095	1
Ecuador	LMIC	severe	0.7	p_ce_oc	1000	1	0	0.9961731014136095	1
Ecuador	LMIC	severe	0.8	daly_averted	1000	0	0	0	0
Ecuador	LMIC	severe	0.8	incr_cost	1000	0	0	0	0
Ecuador	LMIC	severe	0.8	p_benefit	1000	0	0	0	0.0038268985863905225
Ecuador	LMIC	severe	0.8	p_ce_1x	1000	0	0	0	0.0038268985863905225
Ecuador	LMIC	severe	0.8	p_ce_3x	1000	0	0	0	0.0038268985863905225
Ecuador	LMIC	severe	0.8	p_ce_oc	1000	0	0	0	0.0038268985863905225
Nigeria	LMIC	less_severe	0.2	daly_averted	1000	1.8802118047136043	0.023743078631045002	1.8336753705967561	1.9267482388304524
Nigeria	LMIC	less_severe	0.2	incr_cost	1000	2781.033723755944	10.090106485891964	2761.2571150435956	2800.810332468292
Nigeria	LMIC	less_severe	0.2	p_benefit	1000	0.997	0.0017294507798720387	0.9912168282105721	0.9989792345945557
Nigeria	LMIC	less_severe	0.2	p_ce_1x	1000	0.735	0.013956181426163821	0.7067841462790525	0.7614172113853439
Nigeria	LMIC	less_severe	0.2	p_ce_3x	1000	0.96	0.00619677335393187	0.9459900625744302	0.9704891907260906
Nigeria	LMIC	less_severe	0.2	p_ce_oc	1000	0.135	0.010806248192596726	0.11521104013883013	0.15758259582923498
Nigeria	LMIC	less_severe	0.30000000000000004	daly_averted	1000	1.5668431705946704	0.019785898859204152	1.5280628088306303	1.6056235323587105
Nigeria	LMIC	less_severe	0.30000000000000004	incr_cost	1000	2317.528103129953	8.408422071576638	2301.0475958696625	2334.008610390243
Nigeria	LMIC	less_severe	0.30000000000000004	p_benefit	1000	0.997	0.0017294507798720387	0.9912168282105721	0.9989792345945557
Nigeria	LMIC	less_severe	0.30000000000000004	p_ce_1x	1000	0.735	0.013956181426163821	0.7067841462790525	0.7614172113853439
Nigeria	LMIC	less_severe	0.30000000000000004	p_ce_3x	1000	0.96	0.00619677335393187	0.9459900625744302	0.9704891907260906
Nigeria	LMIC	less_severe	0.30000000000000004	p_ce_oc	1000	0.135	0.010806248192596726	0.11521104013883013	0.15758259582923498
Nigeria	LMIC	less_severe	0.4	daly_averted	1000	1.2534745364757365	0.015828719087363326	1.2224502470645044	1.2844988258869685
Nigeria	LMIC	less_severe	0.4	incr_cost	1000	1854.0224825039622	6.7267376572613085	1840.83807669573	1867.2068883121945
Nigeria	LMIC	less_severe	0.4	p_benefit	1000	0.997	0.0017294507798720387	0.9912168282105721	0.9989792345945557
Nigeria	LMIC	less_severe	0.4	p_ce_1x	1000	0.735	0.013956181426163821	0.7067841462790525	0.7614172113853439
Nigeria	LMIC	less_severe	0.4	p_ce_3x	1000	0.96	0.00619677335393187	0.9459900625744302	0.9704891907260906
Nigeria	LMIC	less_severe	0.4	p_ce_oc	1000	0.135	0.010806248192596726	0.11521104013883013	0.15758259582923498
Nigeria	LMIC	less_severe	0.5	daly_averted	1000	0.9401059023568026	0.0118715393155225	0.9168376852983785	0.9633741194152267
Nigeria	LMIC	less_severe	0.5	incr_cost	1000	1390.516861877972	5.045053242945978	1380.6285575217978	1400.405166234146
Nigeria	LMIC	less_severe	0.5	p_benefit	1000	0.997	0.0017294507798720387	0.9912168282105721	0.9989792345945557
Nigeria	LMIC	less_severe	0.5	p_ce_1x	1000	0.735	0.013956181426163821	0.7067841462790525	0.7614172113853439
Nigeria	LMIC	less_severe	0.5	p_ce_3x	1000	0.96	0.00619677335393187	0.9459900625744302	0.9704891907260906
Nigeria	LMIC	less_severe	0.5	p_ce_oc	1000	0.135	0.010806248192596726	0.11521104013883013	0.15758259582923498
Nigeria	LMIC	less_severe	0.6000000000000001	daly_averted	1000	0.626737268237868	0.007914359543681661	0.611225123532252	0.642249412943484
Nigeria	LMIC	less_severe	0.6000000000000001	incr_cost	1000	927.0112412519809	3.363368828630653	920.4190383478648	933.603444156097
Nigeria	LMIC	less_severe	0.6000000000000001	p_benefit	1000	0.997	0.0017294507798720387	0.9912168282105721	0.9989792345945557
Nigeria	LMIC	less_severe	0.6000000000000001	p_ce_1x	1000	0.735	0.013956181426163821	0.7067841462790525	0.7614172113853439
Nigeria	LMIC	less_severe	0.6000000000000001	p_ce_3x	1000	0.96	0.00619677335393187	0.9459900625744302	0.9704891907260906
Nigeria	LMIC	less_severe	0.6000000000000001	p_ce_oc	1000	0.135	0.010806248192596726	0.11521104013883013	0.15758259582923498
Nigeria	LMIC	less_severe	0.7	daly_averted	1000	0.31336863411893434	0.0039571797718408325	0.30561256176612633	0.32112470647174235
Nigeria	LMIC	less_severe	0.7	incr_cost	1000	463.505620625991	1.6816844143153282	460.20951917393296	466.80172207804907
Nigeria	LMIC	less_severe	0.7	p_benefit	1000	0.997	0.0017294507798720387	0.9912168282105721	0.9989792345945557
Nigeria	LMIC	less_severe	0.7	p_ce_1x	1000	0.735	0.013956181426163821	0.7067841462790525	0.7614172113853439
Nigeria	LMIC	less_severe	0.7	p_ce_3x	1000	0.96	0.00619677335393187	0.9459900625744302	0.9704891907260906
Nigeria	LMIC	less_severe	0.7	p_ce_oc	1000	0.135	0.010806248192596726	0.11521104013883013	0.15758259582923498
Nigeria	LMIC	less_severe	0.8	daly_averted	1000	0	0	0	0
Nigeria	LMIC	less_severe	0.8	incr_cost	1000	0	0	0	0
Nigeria	LMIC	less_severe	0.8	p_benefit	1000	0	0	0	0.0038268985863905225
Nigeria	LMIC	less_severe	0.8	p_ce_1x	1000	0	0	0	0.0038268985863905225
Nigeria	LMIC	less_severe	0.8	p_ce_3x	1000	0	0	0	0.0038268985863905225
Nigeria	LMIC	less_severe	0.8	p_ce_oc	1000	0	0	0	0.0038268985863905225
Nigeria	LMIC	mixed	0.2	daly_averted	1000	2.012495715722087	0.023571604882320338	1.966295370152739	2.058696061291435
Nigeria	LMIC	mixed	0.2	incr_cost	1000	2781.033723755944	10.090106485891964	2761.2571150435956	2800.810332468292
Nigeria	LMIC	mixed	0.2	p_benefit	1000	0.999	9.994998749374613e-4	0.9943572970398398	0.9998234581709429
Nigeria	LMIC	mixed	0.2	p_ce_1x	1000	0.779	0.01312093746650749	0.7522423161766015	0.8036222744121927
Nigeria	LMIC	mixed	0.2	p_ce_3x	1000	0.976	0.004839834707921338	0.9645368449129426	0.9838199476328138
Nigeria	LMIC	mixed	0.2	p_ce_oc	1000	0.18	0.012149074038789953	0.1574265005851786	0.20502271451011134
Nigeria	LMIC	mixed	0.30000000000000004	daly_averted	1000	1.6770797631017391	0.019643004068600263	1.6385794751272826	1.7155800510761956
Nigeria	LMIC	mixed	0.30000000000000004	incr_cost	1000	2317.528103129953	8.408422071576638	2301.0475958696625	2334.008610390243
Nigeria	LMIC	mixed	0.30000000000000004	p_benefit	1000	0.999	9.994998749374613e-4	0.9943572970398398	0.9998234581709429
Nigeria	LMIC	mixed	0.30000000000000004	p_ce_1x	1000	0.779	0.01312093746650749	0.7522423161766015	0.8036222744121927
Nigeria	LMIC	mixed	0.30000000000000004	p_ce_3x	1000	0.976	0.004839834707921338	0.9645368449129426	0.9838199476328138
Nigeria	LMIC	mixed	0.30000000000000004	p_ce_oc	1000	0.18	0.012149074038789953	0.1574265005851786	0.20502271451011134
Nigeria	LMIC	mixed	0.4	daly_averted	1000	1.3416638104813914	0.015714403254880216	1.3108635801018262	1.3724640408609565
Nigeria	LMIC	mixed	0.4	incr_cost	1000	1854.0224825039622	6.7267376572613085	1840.83807669573	1867.2068883121945
Nigeria	LMIC	mixed	0.4	p_benefit	1000	0.999	9.994998749374613e-4	0.9943572970398398	0.9998234581709429
Nigeria	LMIC	mixed	0.4	p_ce_1x	1000	0.779	0.01312093746650749	0.7522423161766015	0.8036222744121927
Nigeria	LMIC	mixed	0.4	p_ce_3x	1000	0.976	0.004839834707921338	0.9645368449129426	0.9838199476328138
Nigeria	LMIC	mixed	0.4	p_ce_oc	1000	0.18	0.012149074038789953	0.1574265005851786	0.20502271451011134
Nigeria	LMIC	mixed	0.5	daly_averted	1000	1.0062478578610436	0.011785802441160169	0.9831476850763697	1.0293480306457177
Nigeria	LMIC	mixed	0.5	incr_cost	1000	1390.516861877972	5.045053242945978	1380.6285575217978	1400.405166234146
Nigeria	LMIC	mixed	0.5	p_benefit	1000	0.999	9.994998749374613e-4	0.9943572970398398	0.9998234581709429
Nigeria	LMIC	mixed	0.5	p_ce_1x	1000	0.779	0.01312093746650749	0.7522423161766015	0.8036222744121927
Nigeria	LMIC	mixed	0.5	p_ce_3x	1000	0.976	0.004839834707921338	0.9645368449129426	0.9838199476328138
Nigeria	LMIC	mixed	0.5	p_ce_oc	1000	0.18	0.012149074038789953	0.1574265005851786	0.20502271451011134
Nigeria	LMIC	mixed	0.6000000000000001	daly_averted	1000	0.6708319052406955	0.007857201627440108	0.6554317900509129	0.686232020430478
Nigeria	LMIC	mixed	0.6000000000000001	incr_cost	1000	927.0112412519809	3.363368828630653	920.4190383478648	933.603444156097
Nigeria	LMIC	mixed	0.6000000000000001	p_benefit	1000	0.999	9.994998749374613e-4	0.9943572970398398	0.9998234581709429
Nigeria	LMIC	mixed	0.6000000000000001	p_ce_1x	1000	0.779	0.01312093746650749	0.7522423161766015	0.8036222744121927
Nigeria	LMIC	mixed	0.6000000000000001	p_ce_3x	1000	0.976	0.004839834707921338	0.9645368449129426	0.9838199476328138
Nigeria	LMIC	mixed	0.6000000000000001	p_ce_oc	1000	0.18	0.012149074038789953	0.1574265005851786	0.20502271451011134
Nigeria	LMIC	mixed	0.7	daly_averted	1000	0.3354159526203481	0.003928600813720055	0.32771589502545684	0.3431160102152394
Nigeria	LMIC	mixed	0.7	incr_cost	1000	463.505620625991	1.6816844143153282	460.20951917393296	466.80172207804907
Nigeria	LMIC	mixed	0.7	p_benefit	1000	0.999	9.994998749374613e-4	0.9943572970398398	0.9998234581709429
Nigeria	LMIC	mixed	0.7	p_ce_1x	1000	0.779	0.01312093746650749	0.7522423161766015	0.8036222744121927
Nigeria	LMIC	mixed	0.7	p_ce_3x	1000	0.976	0.004839834707921338	0.9645368449129426	0.9838199476328138
Nigeria	LMIC	mixed	0.7	p_ce_oc	1000	0.18	0.012149074038789953	0.1574265005851786	0.20502271451011134
Nigeria	LMIC	mixed	0.8	daly_averted	1000	0	0	0	0
Nigeria	LMIC	mixed	0.8	incr_cost	1000	0	0	0	0
Nigeria	LMIC	mixed	0.8	p_benefit	1000	0	0	0	0.0038268985863905225
Nigeria	LMIC	mixed	0.8	p_ce_1x	1000	0	0	0	0.0038268985863905225
Nigeria	LMIC	mixed	0.8	p_ce_3x	1000	0	0	0	0.0038268985863905225
Nigeria	LMIC	mixed	0.8	p_ce_oc	1000	0	0	0	0.0038268985863905225
Nigeria	LMIC	severe	0.2	daly_averted	1000	2.845787797476249	0.023913471300806066	2.7989173937266694	2.892658201225829
Nigeria	LMIC	severe	0.2	incr_cost	1000	2781.033723755944	10.090106485891964	2761.2571150435956	2800.810332468292
Nigeria	LMIC	severe	0.2	p_benefit	1000	1	0	0.9961731014136095	1
Nigeria	LMIC	severe	0.2	p_ce_1x	1000	0.968	0.005565608681896351	0.9551749890510055	0.977243033872133
Nigeria	LMIC	severe	0.2	p_ce_3x	1000	1	0	0.9961731014136095	1
Nigeria	LMIC	severe	0.2	p_ce_oc	1000	0.538	0.015765658882520576	0.5070127271855177	0.5686964285219166
Nigeria	LMIC	severe	0.30000000000000004	daly_averted	1000	2.3714898312302077	0.01992789275067171	2.3324311614388913	2.410548501021524
Nigeria	LMIC	severe	0.30000000000000004	incr_cost	1000	2317.528103129953	8.408422071576638	2301.0475958696625	2334.008610390243
Nigeria	LMIC	severe	0.30000000000000004	p_benefit	1000	1	0	0.9961731014136095	1
Nigeria	LMIC	severe	0.30000000000000004	p_ce_1x	1000	0.968	0.005565608681896351	0.9551749890510055	0.977243033872133
Nigeria	LMIC	severe	0.30000000000000004	p_ce_3x	1000	1	0	0.9961731014136095	1
Nigeria	LMIC	severe	0.30000000000000004	p_ce_oc	1000	0.538	0.015765658882520576	0.5070127271855177	0.5686964285219166
Nigeria	LMIC	severe	0.4	daly_averted	1000	1.8971918649841664	0.01594231420053737	1.8659449291511132	1.9284388008172195
Nigeria	LMIC	severe	0.4	incr_cost	1000	1854.0224825039622	6.7267376572613085	1840.83807669573	1867.2068883121945
Nigeria	LMIC	severe	0.4	p_benefit	1000	1	0	0.9961731014136095	1
Nigeria	LMIC	severe	0.4	p_ce_1x	1000	0.968	0.005565608681896351	0.9551749890510055	0.977243033872133
Nigeria	LMIC	severe	0.4	p_ce_3x	1000	1	0	0.9961731014136095	1
Nigeria	LMIC	severe	0.4	p_ce_oc	1000	0.538	0.015765658882520576	0.5070127271855177	0.5686964285219166
Nigeria	LMIC	severe	0.5	daly_averted	1000	1.4228938987381248	0.011956735650403037	1.399458696863335	1.4463291006129146
Nigeria	LMIC	severe	0.5	incr_cost	1000	1390.516861877972	5.045053242945978	1380.6285575217978	1400.405166234146
Nigeria	LMIC	severe	0.5	p_benefit	1000	1	0	0.9961731014136095	1
Nigeria	LMIC	severe	0.5	p_ce_1x	1000	0.968	0.005565608681896351	0.9551749890510055	0.977243033872133
Nigeria	LMIC	severe	0.5	p_ce_3x	1000	1	0	0.9961731014136095	1
Nigeria	LMIC	severe	0.5	p_ce_oc	1000	0.538	0.015765658882520576	0.5070127271855177	0.5686964285219166
Nigeria	LMIC	severe	0.6000000000000001	daly_averted	1000	0.9485959324920831	0.007971157100268684	0.9329724645755565	0.9642194004086097
Nigeria	LMIC	severe	0.6000000000000001	incr_cost	1000	927.0112412519809	3.363368828630653	920.4190383478648	933.603444156097
Nigeria	LMIC	severe	0.6000000000000001	p_benefit	1000	1	0	0.9961731014136095	1
Nigeria	LMIC	severe	0.6000000000000001	p_ce_1x	1000	0.968	0.005565608681896351	0.9551749890510055	0.977243033872133
Nigeria	LMIC	severe	0.6000000000000001	p_ce_3x	1000	1	0	0.9961731014136095	1
Nigeria	LMIC	severe	0.6000000000000001	p_ce_oc	1000	0.538	0.015765658882520576	0.5070127271855177	0.5686964285219166
Nigeria	LMIC	severe	0.7	daly_averted	1000	0.47429796624604204	0.003985578550134345	0.46648623228777875	0.4821097002043053
Nigeria	LMIC	severe	0.7	incr_cost	1000	463.505620625991	1.6816844143153282	460.20951917393296	466.80172207804907
Nigeria	LMIC	severe	0.7	p_benefit	1000	1	0	0.9961731014136095	1
Nigeria	LMIC	severe	0.7	p_ce_1x	1000	0.968	0.005565608681896351	0.9551749890510055	0.977243033872133
Nigeria	LMIC	severe	0.7	p_ce_3x	1000	1	0	0.9961731014136095	1
Nigeria	LMIC	severe	0.7	p_ce_oc	1000	0.538	0.015765658882520576	0.5070127271855177	0.5686964285219166
Nigeria	LMIC	severe	0.8	daly_averted	1000	0	0	0	0
Nigeria	LMIC	severe	0.8	incr_cost	1000	0	0	0	0
Nigeria	LMIC	severe	0.8	p_benefit	1000	0	0	0	0.0038268985863905225
Nigeria	LMIC	severe	0.8	p_ce_1x	1000	0	0	0	0.0038268985863905225
Nigeria	LMIC	severe	0.8	p_ce_3x	1000	0	0	0	0.0038268985863905225
Nigeria	LMIC	severe	0.8	p_ce_oc	1000	0	0	0	0.0038268985863905225
UK	HIC	less_severe	0.025	daly_averted	1000	0.07736156046871505	6.952595692127627e-4	0.07599885171305804	0.07872426922437206
UK	HIC	less_severe	0.025	incr_cost	1000	1300.681584877715	4.828327360776009	1291.218063250594	1310.1451065048361
UK	HIC	less_severe	0.025	p_benefit	1000	1	0	0.9961731014136095	1
UK	HIC	less_severe	0.025	p_ce_1x	1000	0.993	0.002636474919281427	0.9856215030730511	0.99660517492076806
UK	HIC	less_severe	0.025	p_ce_3x	1000	1	0	0.9961731014136095	1
UK	HIC	less_severe	0.025	p_ce_oc	1000	0.843	0.01150439046625244	0.8191437085463132	0.8642310390234228
UK	HIC	less_severe	0.05	daly_averted	1000	0.05157437364581009	4.6350637947517495e-4	0.05066590114203875	0.05248284614958144
UK	HIC	less_severe	0.05	incr_cost	1000	867.1210565851428	3.218884907184004	860.8120421670621	873.4300710032235
UK	HIC	less_severe	0.05	p_benefit	1000	1	0	0.9961731014136095	1
UK	HIC	less_severe	0.05	p_ce_1x	1000	0.993	0.002636474919281427	0.9856215030730511	0.99660517492076806
UK	HIC	less_severe	0.05	p_ce_3x	1000	1	0	0.9961731014136095	1
UK	HIC	less_severe	0.05	p_ce_oc	1000	0.843	0.01150439046625244	0.8191437085463132	0.8642310390234228
UK	HIC	less_severe	0.07500000000000001	daly_averted	1000	0.02578718682290493	2.3175318973758734e-4	0.025332950571019256	0.0262414230747906
UK	HIC	less_severe	0.07500000000000001	incr_cost	1000	433.56052829257237	1.6094424535920075	430.40602108353204	436.7150355016127
UK	HIC	less_severe	0.07500000000000001	p_benefit	1000	1	0	0.9961731014136095	1
UK	HIC	less_severe	0.07500000000000001	p_ce_1x	1000	0.993	0.002636474919281427	0.9856215030730511	0.99660517492076806
UK	HIC	less_severe	0.07500000000000001	p_ce_3x	1000	1	0	0.9961731014136095	1
UK	HIC	less_severe	0.07500000000000001	p_ce_oc	1000	0.843	0.01150439046625244	0.8191437085463132	0.8642310390234228
UK	HIC	less_severe	0.1	daly_averted	1000	0	0	0	0
UK	HIC	less_severe	0.1	incr_cost	1000	0	0	0	0
UK	HIC	less_severe	0.1	p_benefit	1000	0	0	0	0.0038268985863905225
UK	HIC	less_severe	0.1	p_ce_1x	1000	0	0	0	0.0038268985863905225
UK	HIC	less_severe	0.1	p_ce_3x	1000	0	0	0	0.0038268985863905225
UK	HIC	less_severe	0.1	p_ce_oc	1000	0	0	0	0.0038268985863905225
UK	HIC	mixed	0.025	daly_averted	1000	0.09701040475900617	6.992888062500759e-4	0.09563979869875602	0.09838101081925632
UK	HIC	mixed	0.025	incr_cost	1000	1300.681584877715	4.828327360776009	1291.218063250594	1310.1451065048361
UK	HIC	mixed	0.025	p_benefit	1000	1	0	0.9961731014136095	1
UK	HIC	mixed	0.025	p_ce_1x	1000	1	0	0.9961731014136095	1
UK	HIC	mixed	0.025	p_ce_3x	1000	1	0	0.9961731014136095	1
UK	HIC	mixed	0.025	p_ce_oc	1000	0.977	0.004740358636221528	0.9657233030515149	0.9846258356970685
UK	HIC	mixed	0.05	daly_averted	1000	0.06467360317267086	4.6619253750005064e-4	0.06375986579917076	0.06558734054617096
UK	HIC	mixed	0.05	incr_cost	1000	867.1210565851428	3.218884907184004	860.8120421670621	873.4300710032235
UK	HIC	mixed	0.05	p_benefit	1000	1	0	0.9961731014136095	1
UK	HIC	mixed	0.05	p_ce_1x	1000	1	0	0.9961731014136095	1
UK	HIC	mixed	0.05	p_ce_3x	1000	1	0	0.9961731014136095	1
UK	HIC	mixed	0.05	p_ce_oc	1000	0.977	0.004740358636221528	0.9657233030515149	0.9846258356970685
UK	HIC	mixed	0.07500000000000001	daly_averted	1000	0.032336801586335305	2.3309626875002494e-4	0.03187993289958525	0.03279367027308536
UK	HIC	mixed	0.07500000000000001	incr_cost	1000	433.56052829257237	1.6094424535920075	430.40602108353204	436.7150355016127
UK	HIC	mixed	0.07500000000000001	p_benefit	1000	1	0	0.9961731014136095	1
UK	HIC	mixed	0.07500000000000001	p_ce_1x	1000	1	0	0.9961731014136095	1
UK	HIC	mixed	0.07500000000000001	p_ce_3x	1000	1	0	0.9961731014136095	1
UK	HIC	mixed	0.07500000000000001	p_ce_oc	1000	0.977	0.004740358636221528	0.9657233030515149	0.9846258356970685
UK	HIC	mixed	0.1	daly_averted	1000	0	0	0	0
UK	HIC	mixed	0.1	incr_cost	1000	0	0	0	0
UK	HIC	mixed	0.1	p_benefit	1000	0	0	0	0.0038268985863905225
UK	HIC	mixed	0.1	p_ce_1x	1000	0	0	0	0.0038268985863905225
UK	HIC	mixed	0.1	p_ce_3x	1000	0	0	0	0.0038268985863905225
UK	HIC	mixed	0.1	p_ce_oc	1000	0	0	0	0.0038268985863905225
UK	HIC	severe	0.025	daly_averted	1000	0.22078378156573059	0.0014036550408889619	0.2180326176855882	0.22353494544587296
UK	HIC	severe	0.025	incr_cost	1000	1300.681584877715	4.828327360776009	1291.218063250594	1310.1451065048361
UK	HIC	severe	0.025	p_benefit	1000	1	0	0.9961731014136095	1
UK	HIC	severe	0.025	p_ce_1x	1000	1	0	0.9961731014136095	1
UK	HIC	severe	0.025	p_ce_3x	1000	1	0	0.9961731014136095	1
UK	HIC	severe	0.025	p_ce_oc	1000	1	0	0.9961731014136095	1
UK	HIC	severe	0.05	daly_averted	1000	0.1471891877104872	9.357700272593078e-4	0.14535507845705894	0.14902329696391545
UK	HIC	severe	0.05	incr_cost	1000	867.1210565851428	3.218884907184004	860.8120421670621	873.4300710032235
UK	HIC	severe	0.05	p_benefit	1000	1	0	0.9961731014136095	1
UK	HIC	severe	0.05	p_ce_1x	1000	1	0	0.9961731014136095	1
UK	HIC	severe	0.05	p_ce_3x	1000	1	0	0.9961731014136095	1
UK	HIC	severe	0.05	p_ce_oc	1000	1	0	0.9961731014136095	1
UK	HIC	severe	0.07500000000000001	daly_averted	1000	0.07359459385524343	4.6788501362965364e-4	0.0726775392285293	0.07451164848195756
UK	HIC	severe	0.07500000000000001	incr_cost	1000	433.56052829257237	1.6094424535920075	430.40602108353204	436.7150355016127
UK	HIC	severe	0.07500000000000001	p_benefit	1000	1	0	0.9961731014136095	1
UK	HIC	severe	0.07500000000000001	p_ce_1x	1000	1	0	0.9961731014136095	1
UK	HIC	severe	0.07500000000000001	p_ce_3x	1000	1	0	0.9961731014136095	1
UK	HIC	severe	0.07500000000000001	p_ce_oc	1000	1	0	0.9961731014136095	1
UK	HIC	severe	0.1	daly_averted	1000	0	0	0	0
UK	HIC	severe	0.1	incr_cost	1000	0	0	0	0
UK	HIC	severe	0.1	p_benefit	1000	0	0	0	0.0038268985863905225
UK	HIC	severe	0.1	p_ce_1x	1000	0	0	0	0.0038268985863905225
UK	HIC	severe	0.1	p_ce_3x	1000	0	0	0	0.0038268985863905225
UK	HIC	severe	0.1	p_ce_oc	1000	0	0	0	0.0038268985863905225
