country	cycle	age_mid	state	smr	bg_rate	p_death_annual	p_death_cycle	residual_le
Ecuador	1	31	Untreated	6.3	0.00162327599999999	0.010174524531986862	0.020245528114521627	48.5838
Ecuador	1	31	Treated	2.54	0.00162327599999999	0.004114632646676442	0.008212335091535738	48.5838
Ecuador	1	31	Controlled	0.95	0.00162327599999999	0.001540923755964485	0.003079473065907279	48.5838
Ecuador	1	31	Remission	0.95	0.00162327599999999	0.001540923755964485	0.003079473065907279	48.5838
Ecuador	2	33	Untreated	6.3	0.001718868	0.010770447272980044	0.021424892011499996	46.7324
Ecuador	2	33	Treated	2.54	0.001718868	0.004356407925576455	0.00869383756113895	46.7324
Ecuador	2	33	Controlled	0.95	0.001718868	0.0016315921040125358	0.0032605221152312014	46.7324
Ecuador	2	33	Remission	0.95	0.001718868	0.0016315921040125358	0.0032605221152312014	46.7324
Ecuador	3	35	Untreated	6.3	0.00181446	0.011366011239702267	0.022602836267903603	44.881
Ecuador	3	35	Treated	2.54	0.00181446	0.004598124507675272	0.00917510626636242	44.881
Ecuador	3	35	Controlled	0.95	0.00181446	0.0017222522186240985	0.0034415382845437437	44.881
Ecuador	3	35	Remission	0.95	0.00181446	0.0017222522186240985	0.0034415382845437437	44.881
Ecuador	4	37	Untreated	6.3	0.002001776	0.012532000992201198	0.024906950935533967	43.03528
Ecuador	4	37	Treated	2.54	0.002001776	0.005071606793600081	0.01011749239173132	43.03528
Ecuador	4	37	Controlled	0.95	0.002001776	0.0018998801385666786	0.0037961507325925403	43.03528
Ecuador	4	37	Remission	0.95	0.002001776	0.0018998801385666786	0.0037961507325925403	43.03528
Ecuador	5	39	Untreated	6.3	0.002189092	0.013696615582488136	0.02720563388656172	41.18956
Ecuador	5	39	Treated	2.54	0.002189092	0.005544863858455429	0.011058982201701983	41.18956
Ecuador	5	39	Controlled	0.95	0.002189092	0.002077476452397642	0.004150636996385071	41.18956
Ecuador	5	39	Remission	0.95	0.002189092	0.002077476452397642	0.004150636996385071	41.18956
Nigeria	1	31	Untreated	6.3	0.007352658	0.04526526873970749	0.08848159292533708	36.27506
Nigeria	1	31	Treated	2.54	0.007352658	0.018502440059339653	0.036662539830529806	36.27506
Nigeria	1	31	Controlled	0.95	0.007352658	0.006960686513692194	0.013872921870642485	36.27506
Nigeria	1	31	Remission	0.95	0.007352658	0.006960686513692194	0.013872921870642485	36.27506
Nigeria	2	33	Untreated	6.3	0.007732274	0.047545865789005326	0.09283112222438461	34.77838
Nigeria	2	33	Treated	2.54	0.007732274	0.019448368073896605	0.03851849712705535	34.77838
Nigeria	2	33	Controlled	0.95	0.007732274	0.007318746876653126	0.014583929697461806	34.77838
Nigeria	2	33	Remission	0.95	0.007732274	0.007318746876653126	0.014583929697461806	34.77838
Nigeria	3	35	Untreated	6.3	0.00811189	0.04982101512310966	0.09715989669832215	33.2817
Nigeria	3	35	Treated	2.54	0.00811189	0.020393384440941298	0.040370878752926664	33.2817
Nigeria	3	35	Controlled	0.95	0.00811189	0.007676678133724968	0.01529442488028121	33.2817
Nigeria	3	35	Remission	0.95	0.00811189	0.007676678133724968	0.01529442488028121	33.2817
Nigeria	4	37	Untreated	6.3	0.008662294	0.05311009788406573	0.10339951327087649	31.79086
Nigeria	4	37	Treated	2.54	0.008662294	0.02176194325259051	0.04305030433105195	31.79086
Nigeria	4	37	Controlled	0.95	0.008662294	0.00819541229242815	0.016323659802213508	31.79086
Nigeria	4	37	Remission	0.95	0.008662294	0.00819541229242815	0.016323659802213508	31.79086
Nigeria	5	39	Untreated	6.3	0.009212698	0.056387795352797365	0.10959600724084573	30.30002
Nigeria	5	39	Treated	2.54	0.009212698	0.02312859012000479	0.04572224855907048	30.30002
Nigeria	5	39	Controlled	0.95	0.009212698	0.008713875284343864	0.017351818946216624	30.30002
Nigeria	5	39	Remission	0.95	0.009212698	0.008713875284343864	0.017351818946216624	30.30002
UK	1	31	Untreated	6.3	7.65744e-4	0.004812569498426789	0.009601978171676406	51.0515
UK	1	31	Treated	2.54	7.65744e-4	0.0019430994931318724	0.0038824233506236094	51.0515
UK	1	31	Controlled	0.95	7.65744e-4	7.271922674513265e-4	0.0014538557263087393	51.0515
UK	1	31	Remission	0.95	7.65744e-4	7.271922674513265e-4	0.0014538557263087393	51.0515
UK	2	33	Untreated	6.3	9.03472e-4	0.005675705577452228	0.011319197521102553	49.1205
UK	2	33	Treated	2.54	9.03472e-4	0.0022921877961591397	0.00457912146742534	49.1205
UK	2	33	Controlled	0.95	9.03472e-4	8.579301672869688e-4	0.0017151242904021036	49.1205
UK	2	33	Remission	0.95	9.03472e-4	8.579301672869688e-4	0.0017151242904021036	49.1205
UK	3	35	Untreated	6.3	0.0010412	0.006538093049865523	0.013033439439002259	47.1895
UK	3	35	Treated	2.54	0.0010412	0.0026411539992907684	0.005275332304133573	47.1895
UK	3	35	Controlled	0.95	0.0010412	9.88650962285731e-4	0.0019763244938462154	47.1895
UK	3	35	Remission	0.95	0.0010412	9.88650962285731e-4	0.0019763244938462154	47.1895
UK	4	37	Untreated	6.3	0.001228532	0.0077098768466609124	0.01536031149233108	45.2825
UK	4	37	Treated	2.54	0.001228532	0.0031156076697292923	0.006221508328306924	45.2825
UK	4	37	Controlled	0.95	0.001228532	0.0011664245973744825	0.002331488648407709	45.2825
UK	4	37	Remission	0.95	0.001228532	0.0011664245973744825	0.002331488648407709	45.2825
UK	5	39	Untreated	6.3	0.001415864	0.00888027852980211	0.017681697712837452	43.375499999999995
UK	5	39	Treated	2.54	0.001415864	0.003589835637767713	0.00716678435562923	43.375499999999995
UK	5	39	Controlled	0.95	0.001415864	0.001344166597722296	0.0026865264116021637	43.375499999999995
UK	5	39	Remission	0.95	0.001415864	0.001344166597722296	0.0026865264116021637	43.375499999999995
