country	setting	severity	gap	daly_mean	daly_lo	daly_hi	cost_mean	cost_lo	cost_hi	yld_mean	yll_mean
Ecuador	LMIC	less_severe	0.2	2.7213299079475184	2.1904224119743256	3.2670381285509658	2450.115122742376	1963.2565179247044	2935.3696199170913	1.7430862813031904	0.978243626644328
Ecuador	LMIC	less_severe	0.30000000000000004	2.8417212228384643	2.280144478211074	3.4122460267715025	2181.993365259454	1735.6570250919526	2619.5873335659517	1.759097212790201	1.0826240100482636
Ecuador	LMIC	less_severe	0.4	2.96211253772941	2.366697683687732	3.562069006238894	1913.8716077765323	1519.7284680682976	2318.2048289974773	1.7751081442772112	1.187004393452199
Ecuador	LMIC	less_severe	0.5	3.0825038526203565	2.436589863128565	3.7271000584664016	1645.7498502936107	1293.5641338743444	2027.0027689027997	1.7911190757642217	1.2913847768561346
Ecuador	LMIC	less_severe	0.6000000000000001	3.202895167511303	2.510373148084152	3.9190149050321788	1377.6280928106887	1058.2704463413593	1737.1117562507966	1.8071300072512322	1.3957651602600705
Ecuador	LMIC	less_severe	0.7	3.3232864824022488	2.567084213069036	4.112655662723752	1109.5063353277671	823.4287730333583	1448.7296304706058	1.8231409387382427	1.5001455436640059
Ecuador	LMIC	less_severe	0.8	3.4436777972931947	2.6238262264584526	4.300648728170209	841.3845778448452	583.5322942380636	1176.7276995039836	1.8391518702252532	1.6045259270679415
Ecuador	LMIC	severe	0.2	3.0956276789244286	2.6131807870742754	3.581810534580046	2450.115122742376	1963.2565179247044	2935.3696199170913	2.1173840522801006	0.978243626644328
Ecuador	LMIC	severe	0.30000000000000004	3.4031678793038296	2.8894081124367927	3.9334674381882193	2181.993365259454	1735.6570250919526	2619.5873335659517	2.3205438692555664	1.0826240100482636
Ecuador	LMIC	severe	0.4	3.710708079683231	3.130314683048386	4.309106191843355	1913.8716077765323	1519.7284680682976	2318.2048289974773	2.523703686231032	1.187004393452199
Ecuador	LMIC	severe	0.5	4.018248280062632	3.3682391408476984	4.7000255064796645	1645.7498502936107	1293.5641338743444	2027.0027689027997	2.726863503206497	1.2913847768561346
Ecuador	LMIC	severe	0.6000000000000001	4.325788480442034	3.597291128994744	5.090106913308477	1377.6280928106887	1058.2704463413593	1737.1117562507966	2.930023320181963	1.3957651602600705
Ecuador	LMIC	severe	0.7	4.6333286808214345	3.7893136739422055	5.510798951588515	1109.5063353277671	823.4287730333583	1448.7296304706058	3.1331831371574284	1.5001455436640059
Ecuador	LMIC	severe	0.8	4.940868881200836	3.9794460961943394	5.919348328602333	841.3845778448452	583.5322942380636	1176.7276995039836	3.336342954132894	1.6045259270679415
Nigeria	LMIC	less_severe	0.2	4.998340154567789	4.1943479022848145	5.795988426640544	4200.77052154615	3360.0512707687417	5039.478107361121	1.6061102013290494	3.3922299532387394
Nigeria	LMIC	less_severe	0.30000000000000004	5.3117087886867225	4.378558773395412	6.200262639992451	3737.264900920159	2965.25668492521	4508.63889872384	1.6064697423090293	3.7052390463776934
Nigeria	LMIC	less_severe	0.4	5.625077422805656	4.51562143462311	6.637764879575638	3273.7592802941685	2591.590596573984	3975.5633014134573	1.6068292832890092	4.018248139516648
Nigeria	LMIC	less_severe	0.5	5.93844605692459	4.6167326029417675	7.109830036503252	2810.2536596681784	2209.626804440285	3445.018173940727	1.6071888242689891	4.331257232655601
Nigeria	LMIC	less_severe	0.6000000000000001	6.251814691043525	4.699577662407197	7.561685726419461	2346.7480390421874	1813.7281670523623	2928.7132839750157	1.607548365248969	4.644266325794556
Nigeria	LMIC	less_severe	0.7	6.565183325162459	4.783519999350239	8.07271976461712	1883.2424184161973	1397.0456837277995	2437.0673723720724	1.6079079062289492	4.957275418933509
Nigeria	LMIC	less_severe	0.8	6.878551959281393	4.864421817373014	8.594288033262167	1419.7367977902063	1001.447453651015	1967.7765787517444	1.6082674472089291	5.270284512072464
Nigeria	LMIC	severe	0.2	5.3201988188220035	4.563833064806014	6.054488747534673	4200.77052154615	3360.0512707687417	5039.478107361121	1.9279688655832643	3.3922299532387394
Nigeria	LMIC	severe	0.30000000000000004	5.794496785068045	4.910984530832414	6.602571220640469	3737.264900920159	2965.25668492521	4508.63889872384	2.0892577386903515	3.7052390463776934
Nigeria	LMIC	severe	0.4	6.268794751314086	5.182267417113979	7.208131058694603	3273.7592802941685	2591.590596573984	3975.5633014134573	2.250546611797439	4.018248139516648
Nigeria	LMIC	severe	0.5	6.743092717560128	5.458849467341446	7.843888887196979	2810.2536596681784	2209.626804440285	3445.018173940727	2.4118354849045263	4.331257232655601
Nigeria	LMIC	severe	0.6000000000000001	7.21739068380617	5.730205616916945	8.498639223308578	2346.7480390421874	1813.7281670523623	2928.7132839750157	2.573124358011614	4.644266325794556
Nigeria	LMIC	severe	0.7	7.69168865005221	5.978229812688911	9.146234277681767	1883.2424184161973	1397.0456837277995	2437.0673723720724	2.734413231118701	4.957275418933509
Nigeria	LMIC	severe	0.8	8.165986616298254	6.2076421441572736	9.821501721451094	1419.7367977902063	1001.447453651015	1967.7765787517444	2.895702104225789	5.270284512072464
UK	HIC	less_severe	0.025	1.9651183363623623	1.5600819204741625	2.3861937875531334	18980.71444563236	15138.713759406717	22696.08681986711	1.5400295775814727	0.42508875878088975
UK	HIC	less_severe	0.05	1.9909055231852673	1.5879152493008797	2.408685411387035	18547.153917339787	14794.575976672595	22172.279295978864	1.5495663374245068	0.44133918576076053
UK	HIC	less_severe	0.07500000000000001	2.0166927100081726	1.6104294662653458	2.4321885543570554	18113.593389047215	14450.438193938477	21657.2018410099	1.559103097267541	0.4575896127406314
UK	HIC	less_severe	0.1	2.0424798968310776	1.6410672408165663	2.462277386141414	17680.032860754643	14121.117660798267	21144.891734768957	1.5686398571105753	0.4738400397205022
UK	HIC	severe	0.025	2.012925743394701	1.6179061409340605	2.422333641736662	18980.71444563236	15138.713759406717	22696.08681986711	1.5878369846138112	0.42508875878088975
UK	HIC	severe	0.05	2.0865203372499446	1.7001286740811365	2.4862998417724964	18547.153917339787	14794.575976672595	22172.279295978864	1.6451811514891839	0.44133918576076053
UK	HIC	severe	0.07500000000000001	2.160114931105188	1.7704375856163523	2.5571209748093398	18113.593389047215	14450.438193938477	21657.2018410099	1.7025253183645568	0.4575896127406314
UK	HIC	severe	0.1	2.2337095249604317	1.8437915204480426	2.6337027689201635	17680.032860754643	14121.117660798267	21144.891734768957	1.7598694852399293	0.4738400397205022
