smr_U	country	daly_averted	da_lo	da_hi	incr_cost	ic_lo	ic_hi	icer	icer_lo	icer_hi	p_da_pos	inb_oc	inb_lo	inb_hi	p_ce_oc	p_ce_1x	p_ce_3x	severity
2	Nigeria	0.9828852049483894	0.23324744842210224	1.6632208417606222	2739.0105850189734	2117.5439376289423	3341.370548782479	2786.704460733842	1511.8247588443417	10451.680839939501	0.994	-1756.1253800705842	-2700.5058030183213	-832.621524094136	0	0.156	0.925	severe
2	Nigeria	-0.11647391866253103	-0.4967868242683273	0.23619709468758962	2739.0105850189734	2117.5439376289423	3341.370548782479	-23516.085115629383	-147179.90496325947	192437.08960698202	0.283	-2855.4845036815045	-3519.7989499700357	-2139.4167973737412	0	0	0.001	less_severe
2	Nigeria	0.034138281272165116	-0.3463060515542916	0.39325343323676865	2739.0105850189734	2117.5439376289423	3341.370548782479	80232.82025191598	-231535.1195422807	271033.7681472262	0.573	-2704.8723037468085	-3396.3885257541992	-1974.679415776858	0	0	0.01	mixed
2	Ecuador	1.2149786080093135	0.5163459052052033	1.8311381853005173	1602.7487603881627	1240.4056475477994	1941.399014100534	1319.1580080691238	802.5993775474979	3095.8812493365417	1	2345.931715642106	80.31243809136902	4404.214620054806	0.977	0.999	1	severe
2	Ecuador	0.05690233156051152	-0.10892856620670237	0.23418599167207693	1602.7487603881627	1240.4056475477994	1941.399014100534	28166.662356950263	-266614.1669327496	259021.63147462852	0.728	-1417.8161828165003	-2081.9674679762315	-720.9085244329972	0	0.026	0.378	less_severe
2	Ecuador	0.21555878143399743	0.027088730386988266	0.400974344731312	1602.7487603881627	1240.4056475477994	1941.399014100534	7435.321120883739	3479.9688459977287	38777.58344648503	0.989	-902.1827207276712	-1628.7173772657704	-192.6496552401858	0.007	0.386	0.908	mixed
2	UK	0.1740863162052739	0.09472525662263305	0.25137395931789686	1298.0337370469435	1004.4875758699942	1582.556474676093	7456.265175468283	4698.433737506028	14020.078453250837	1	2967.0810099822675	1024.318356190632	4872.613059621877	1	1	1	severe
2	UK	0.02828735524840448	0.009353107831012553	0.04956942270747666	1298.0337370469435	1004.4875758699942	1582.556474676093	45887.4195077024	24896.35689217191	139822.3270822792	1	-604.9935334610336	-1141.933487450753	-18.491771692650573	0.022	0.558	0.979	less_severe
2	UK	0.048261812899495604	0.028280333700421004	0.0697564262268601	1298.0337370469435	1004.4875758699942	1582.556474676093	26895.668833453823	17465.525212236895	48127.48302695912	1	-115.6193210093013	-722.8941049093338	455.56307113010047	0.349	0.979	1	mixed
2.54	Nigeria	1.2663295270897896	0.5257762590260371	1.9415974085008756	2745.1056709708196	2124.690067734238	3346.557705979645	2167.765666239714	1316.6650889177736	5401.6782449714065	1	-1478.77614388103	-2418.592884313394	-555.9056807106176	0.001	0.388	0.982	severe
2.54	Nigeria	0.1863546343427163	-0.19705398094706805	0.5451422346171236	2745.1056709708196	2124.690067734238	3346.557705979645	14730.546845013907	-143691.85552076486	137593.47904167653	0.825	-2558.751036628103	-3219.567119699071	-1840.2027454101492	0	0	0.084	less_severe
2.54	Nigeria	0.3343111946490654	-0.05619268445951731	0.6957505964122543	2745.1056709708196	2124.690067734238	3346.557705979645	8211.228684257563	-45097.30305711097	51733.35570612732	0.948	-2410.7944763217542	-3100.9168287476286	-1688.1585049717385	0	0	0.277	mixed
2.54	Ecuador	1.3006880349502843	0.606795051404769	1.9150095218896013	1603.5525545253374	1241.4616167167642	1942.0160460329223	1232.8494700011825	764.7446932626094	2655.0657362392226	1	2623.6835590630867	361.6854738660561	4670.982974878781	0.993	0.999	1	severe
2.54	Ecuador	0.14733594097479732	-0.022547493429080866	0.32691987882780194	1603.5525545253374	1241.4616167167642	1942.0160460329223	10883.648238956403	-45266.856300500505	70691.31837875243	0.956	-1124.710746357246	-1791.516217492871	-425.1522841388104	0.001	0.152	0.763	less_severe
2.54	Ecuador	0.3053451778494391	0.11394264710869385	0.4942414454340552	1603.5525545253374	1241.4616167167642	1942.0160460329223	5251.605955657253	3034.628327443864	14063.084809033693	0.999	-611.1807265146605	-1350.4893782602264	98.59940327191492	0.046	0.728	0.991	mixed
2.54	UK	0.18034319773154356	0.10092368358451477	0.2576273242470662	1298.3858547669936	1004.8874275598935	1582.8560270042176	7199.527739880454	4587.712805463163	13281.198380628704	1	3120.0224896558243	1177.871386787606	5025.968117790132	1	1	1	severe
2.54	UK	0.03486008420335507	0.015842398831790512	0.0561169206453184	1298.3858547669936	1004.8874275598935	1582.8560270042176	37245.63162822286	21756.745593203526	83283.01035953654	1	-444.31379178479426	-983.5206404340212	146.79706196906398	0.071	0.775	0.999	less_severe
2.54	UK	0.0547912707567169	0.03491036919244	0.07640896560564982	1298.3858547669936	1004.8874275598935	1582.8560270042176	23696.947284396094	15811.234353564822	39613.116729483656	1	44.000278772570546	-562.9241053746604	617.1813384476526	0.555	0.995	1	mixed
3	Nigeria	1.4991116195024878	0.7622670677983774	2.1744961770280353	2750.172302441177	2130.629474571623	3350.868420001691	1834.534711533942	1164.3144261362784	3609.2670240230327	1	-1251.0606829386893	-2186.559365566002	-333.1397334549774	0.001	0.639	0.998	severe
3	Nigeria	0.4352502243801037	0.04781761711087809	0.7990333841137466	2750.172302441177	2130.629474571623	3350.868420001691	6318.60053916814	2971.4127910570533	28548.174000401672	0.987	-2314.9220780610735	-2981.6480625818936	-1597.0860901357896	0	0	0.468	less_severe
3	Nigeria	0.5809992355118703	0.18302931500999028	0.9449309639791171	2750.172302441177	2130.629474571623	3350.868420001691	4733.52137893646	2710.9716117271455	13785.709621635819	0.998	-2169.1730669293065	-2859.641007381066	-1444.3028241206687	0	0	0.731	mixed
3	Ecuador	1.373090355598177	0.6796563400961645	1.987515863415889	1604.2334404458268	1242.3561404307743	1942.5387246209493	1168.3378547560724	736.3613821031047	2378.7650222002503	1	2858.3102152482484	599.4075308614899	4892.653414887195	0.997	1	1	severe
3	Ecuador	0.22374007272945215	0.05220309816432506	0.4037612128802328	1604.2334404458268	1242.3561404307743	1942.5387246209493	7170.076512783097	3584.560645158286	27093.737279666402	0.996	-877.0782040751072	-1547.716619160454	-175.2997336117579	0.009	0.386	0.947	less_severe
3	Ecuador	0.38120106148246746	0.18944450780804858	0.5714742611420461	1604.2334404458268	1242.3561404307743	1942.5387246209493	4208.36561736492	2572.7790753425697	8654.142617716687	1	-365.3299906278075	-1115.2961971042303	347.6879500515677	0.165	0.902	0.999	mixed
3	UK	0.18564753422664573	0.10627695609905995	0.2629240250367504	1298.684869441743	1005.2269701662171	1583.1104133390068	6995.432903817931	4497.961027832072	12645.06084801695	1	3249.679719111077	1308.05220335506	5155.964400177589	1	1	1	severe
3	UK	0.04043263516721039	0.021482387371621035	0.06180803152125332	1298.684869441743	1005.2269701662171	1583.1104133390068	32119.718738860138	19655.070887588503	62078.86879461966	1	-308.0853078450883	-852.5685230433133	281.6157684068306	0.156	0.9	1	less_severe
3	UK	0.06032707633835303	0.04044630661188701	0.08202219993277349	1298.684869441743	1005.2269701662171	1583.1104133390068	21527.39612571117	14718.96098319015	34609.60715941982	1	179.32850084790635	-430.05594121952373	754.8443000709982	0.732	1	1	mixed
3.5	Nigeria	1.7434324644310428	1.0081527338196523	2.420067843605912	2755.552313200567	2137.881372706475	3355.444547385512	1580.53286801667	1043.0298003944067	2745.0570295420707	1	-1012.1198487695242	-1947.1180869099355	-97.05087520306007	0.014	0.83	1	severe
3.5	Nigeria	0.6966812793570318	0.30638673581926007	1.0577339755445965	2755.552313200567	2137.881372706475	3355.444547385512	3955.2552865259563	2423.832794901437	8908.354916204147	1	-2058.871033843535	-2722.8777310131954	-1342.095032719354	0	0.002	0.887	less_severe
3.5	Nigeria	0.8400861917121714	0.43466627495204435	1.2070546112707965	2755.552313200567	2137.881372706475	3355.444547385512	3280.0828538611054	2100.6975990568412	6300.616716763595	1	-1915.4661214883956	-2616.3744209296683	-1188.0556905017659	0	0.016	0.965	mixed
3.5	Ecuador	1.4511582336875137	0.7567901355903424	2.0656637555333295	1604.9695662472975	1243.3232600668118	1943.1038047588452	1105.992116496446	706.4852488088692	2101.2612239856603	1	3111.2946932371224	855.7674541245063	5141.809468263839	0.999	1	1	severe
3.5	Ecuador	0.30613443038668037	0.13550668240535435	0.486595575209604	1604.9695662472975	1243.3232600668118	1943.1038047588452	5242.6953878400745	3035.907525013045	12066.305862765537	1	-610.0326674905865	-1283.2172124528188	93.88342919213008	0.049	0.727	0.995	less_severe
3.5	Ecuador	0.46300269143889455	0.2687133207765324	0.6557457539616544	1604.9695662472975	1243.3232600668118	1943.1038047588452	3466.4367959923957	2242.2366376249906	6190.282795660156	1	-100.21081907089027	-859.3081474400913	616.8216453095729	0.394	0.98	1	mixed
3.5	UK	0.19138654062097102	0.11206936609755373	0.26865436407902976	1299.008910871704	1005.5949240631544	1583.386101180914	6787.357703718097	4401.680594668644	12022.293208323184	1	3389.961334342086	1448.9056588919932	5296.600819519201	1	1	1	severe
3.5	UK	0.04646230503876311	0.027379769790140406	0.06784069702111896	1299.008910871704	1005.5949240631544	1583.386101180914	27958.339772164807	17706.388389625765	48467.31992765762	1	-160.6824374220078	-709.5580368023802	429.11337216175684	0.277	0.976	1	less_severe
3.5	UK	0.0663169253135256	0.04621492006767382	0.08803682787195741	1299.008910871704	1005.5949240631544	1583.386101180914	19587.894111954043	13607.370086175468	30329.536637518522	1	325.7557593096731	-284.4536227346727	907.0014524019324	0.847	1	1	mixed
4	Nigeria	1.9790229662462755	1.249440696794116	2.645373564787094	2760.8034965734064	2145.006815221658	3359.964268859031	1395.0335815505862	947.5060591480815	2246.3422109643366	1	-781.7805303271308	-1712.0987333293106	132.3953599190278	0.052	0.94	1	severe
4	Nigeria	0.9489723455551049	0.555502294136654	1.3160720094441716	2760.8034965734064	2145.006815221658	3359.964268859031	2909.2560067790637	1926.1212860202638	5064.591781428845	1	-1811.8311510183014	-2483.676914943196	-1095.4616179738575	0	0.043	0.994	less_severe
4	Nigeria	1.0900892805897953	0.6902305303585733	1.4594538319469912	2760.8034965734064	2145.006815221658	3359.964268859031	2532.639799081106	1714.2616854224439	4070.236227474093	1	-1670.714215983611	-2381.5684593401265	-942.5248372503339	0	0.113	0.998	mixed
4	Ecuador	1.5285751925597104	0.8348707484473047	2.142411638001659	1605.7015857445622	1244.285009443467	1943.6657295572566	1050.4563946610294	678.158329236013	1911.4527671809137	1	3362.167790074497	1110.0270616936443	5394.257337552449	0.999	1	1	severe
4	Ecuador	0.38785373856013156	0.21450643428103083	0.5688083115498991	1605.7015857445622	1244.285009443467	1943.6657295572566	4139.966760938208	2567.149014656167	7713.540880497187	1	-345.17693542413446	-1021.9393885815657	362.6023903819316	0.162	0.926	1	less_severe
4	Ecuador	0.5441325777580739	0.34620905801172613	0.7401719568117932	1605.7015857445622	1244.285009443467	1943.6657295572566	2950.938156212494	1985.421499453511	4860.9730397262165	1	162.72929196917815	-595.532789737677	883.3813809491078	0.671	0.997	1	mixed
4	UK	0.1970979999630354	0.11783444795527413	0.2743567759579978	1299.331940906629	1005.9617216669662	1583.6609389641235	6592.314184569662	4307.354601262738	11503.134943465495	1	3529.569058187739	1589.088033153983	5436.438911737368	1	1	1	severe
4	UK	0.05246352079866515	0.03319196207902324	0.07388909616756786	1299.331940906629	1005.9617216669662	1583.6609389641235	24766.388552018194	16161.598575386963	40043.87847103791	1	-13.975681339332585	-561.4593619181064	573.3510854357711	0.481	0.997	1	less_severe
4	UK	0.07227844444418388	0.05195903675834535	0.09413869249845072	1299.331940906629	1005.9617216669662	1583.6609389641235	17976.75573815125	12618.98999138668	27040.956201973837	1	471.48994797587625	-139.2783635783945	1055.5991026950685	0.934	1	1	mixed
4.5	Nigeria	2.206214609206931	1.4854330312517696	2.8673168736281056	2765.9295071013266	2150.277150904179	3364.3979982887477	1253.6992074835352	870.0761003234649	1914.0468587821074	1	-559.7148978943958	-1486.5467200444152	355.06858909138873	0.113	0.981	1	severe
4.5	Nigeria	1.1924665267139463	0.7960847005043946	1.560055773625159	2765.9295071013266	2150.277150904179	3364.3979982887477	2319.502849881529	1598.026699087004	3557.706709203792	1	-1573.4629803873804	-2252.7643601787927	-848.8284825547497	0	0.217	1	less_severe
4.5	Nigeria	1.3313500140154853	0.9221722458637651	1.702419102876325	2765.9295071013266	2150.277150904179	3364.3979982887477	2077.537445437812	1448.4191485796275	3058.7444725899613	1	-1434.5794930858415	-2144.762196011963	-698.5218403224382	0	0.42	1	mixed
4.5	Ecuador	1.6053469750988645	0.91200428639178	2.2183148392696403	1606.4295260734386	1245.2414239440075	1944.2245198806472	1000.6743408069196	652.2573945521123	1763.9850643897314	1	3610.948142997871	1362.2047197769368	5644.36563199517	1	1	1	severe
4.5	Ecuador	0.4689038995778812	0.2929317549803765	0.651703914611004	1606.4295260734386	1245.2414239440075	1944.2245198806472	3425.924859058724	2245.0883250348793	5688.081724733348	1	-82.49185244532474	-764.0957657510655	625.6754563321657	0.395	0.992	1	less_severe
4.5	Ecuador	0.624596600924256	0.42620863150264887	0.8236556359307957	1606.4295260734386	1245.2414239440075	1944.2245198806472	2571.9472755636216	1772.8289858137052	3977.5245084235803	1	423.50942693039315	-333.9406056965258	1147.5623702039718	0.866	1	1	mixed
4.5	UK	0.20278205235511695	0.12357864654425357	0.2800314037178468	1299.65396336378	1006.3273673601633	1583.9349298726654	6409.117317186403	4211.281823604796	11049.926058597963	1	3668.506319336586	1728.6027269993144	5578.627334860438	1	1	1	severe
4.5	UK	0.058436425972302156	0.03897741731761354	0.07991687108695202	1299.65396336378	1006.3273673601633	1583.9349298726654	22240.47658184628	14758.546253849107	34997.24728418084	1	132.03847295762333	-419.68863530985203	721.7300953602014	0.676	1	1	less_severe
4.5	UK	0.0782117767867478	0.057676513324030676	0.10020243989754248	1299.65396336378	1006.3273673601633	1583.9349298726654	16617.113390831357	11782.709451345027	24413.66457836906	1	616.5345679115412	5.240546304588224	1203.5078739948494	0.975	1	1	mixed
5	Nigeria	2.4253259664788236	1.710067075855798	3.0844799218164844	2770.93388498172	2154.8485314382892	3368.7253721165102	1142.4995746054963	806.8585336452902	1697.424530924849	1	-345.6079185028964	-1269.5697962307192	562.697190483912	0.226	0.996	1	severe
5	Nigeria	1.4274936519538108	1.0284509532207442	1.7948204940862387	2770.93388498172	2154.8485314382892	3368.7253721165102	1941.1181837405318	1370.7375840093696	2779.3974579535397	1	-1343.440233027909	-2029.7712238485246	-610.5214334306528	0	0.579	1	less_severe
5	Nigeria	1.5641966790437378	1.150337780590918	1.942713417194443	2770.93388498172	2154.8485314382892	3368.7253721165102	1771.474087693188	1259.4188931822794	2482.240346745856	1	-1206.7372059379823	-1913.6026866123075	-465.4272642904122	0	0.766	1	mixed
5	Ecuador	1.6814792723193233	0.9881709523919349	2.2938634352001883	1607.1534141718448	1246.1925386941848	1944.7801964412529	955.7973390626706	628.5437808907792	1634.8888337550632	1	3857.6542208659553	1612.3186295392384	5890.072063975092	1	1	1	severe
5	Ecuador	0.5492907627355194	0.37051287130158533	0.7351731000465944	1607.1534141718448	1246.1925386941848	1944.7801964412529	2925.870091403086	1979.7747044275384	4522.774348157417	1	178.04156471859298	-505.5252853699269	889.1886679643818	0.697	1	1	less_severe
5	Ecuador	0.7044005885485005	0.5033005186258082	0.9027642020003347	1607.1534141718448	1246.1925386941848	1944.7801964412529	2281.590106963953	1594.0196242973225	3401.403583177423	1	682.1484986107816	-74.5124077748766	1405.1610418950572	0.966	1	1	mixed
5	UK	0.20843883717075296	0.1292962413081349	0.28567838965588016	1299.974982044362	1006.6918655067798	1584.2080770772277	6236.721523155607	4125.246038549792	10484.173190384487	1	3806.7765286390854	1867.453123631572	5720.152927069112	1	1	1	severe
5	UK	0.06438116334192144	0.044736268730975026	0.0859068703030334	1299.974982044362	1006.6918655067798	1584.2080770772277	20191.852935933053	13747.45278647546	30580.39522775354	1	277.3635198327132	-278.57189111003265	869.8377073129699	0.808	1	1	less_severe
5	UK	0.08411706465647137	0.06336748304344164	0.10616371193575477	1299.974982044362	1006.6918655067798	1584.2080770772277	15454.355039056289	11065.174103889769	22277.622134663638	1	760.8931020391863	145.60883105794983	1350.6477350251919	0.995	1	1	mixed
6.3	Nigeria	2.9593628095500866	2.261103141802404	3.612356172383954	2783.400332496949	2171.071424105768	3379.9303576900534	940.5404175232271	682.2691913222702	1325.1361648584661	1	175.96247705313792	-738.1734240267622	1093.2216798099728	0.658	1	1	severe
6.3	Nigeria	2.001178686957911	1.5855816084908725	2.383232122741761	2783.400332496949	2171.071424105768	3379.9303576900534	1390.8804599194145	1024.4818820310995	1836.5814680934159	1	-782.2216455390379	-1485.1807724143348	-52.93660567123754	0.016	0.993	1	less_severe
6.3	Nigeria	2.132449911753039	1.7022097204920095	2.5154591058279636	2783.400332496949	2171.071424105768	3379.9303576900534	1305.2594188291055	959.5845218875726	1728.2866866786962	1	-650.9504207439097	-1362.4680115906197	97.8000059288388	0.042	0.997	1	mixed
6.3	Ecuador	1.8764707776837255	1.1839932813493	2.484986714931419	1609.0167501277806	1248.643014669741	1946.2105302063555	857.4696548772881	575.4639539851272	1398.584877938127	1	4489.5132773443265	2247.132117348427	6528.976983045181	1	1	1	severe
6.3	Ecuador	0.755233821107348	0.5696077580071948	0.9448555919060552	1609.0167501277806	1248.643014669741	1946.2105302063555	2130.488207967949	1507.9674399910618	3004.243877364319	1	845.4931684711008	150.3799943606712	1579.6993601025831	0.991	1	1	less_severe
6.3	Ecuador	0.9088432841583118	0.7015748845769987	1.1085057645576162	1609.0167501277806	1248.643014669741	1946.2105302063555	1770.4006600190767	1278.047173520859	2476.473679847239	1	1344.7239233867328	573.5812441490486	2081.214523062179	1	1	1	mixed
6.3	UK	0.22301985830765472	0.14405185928568548	0.3002378002114051	1300.8049600566358	1007.6342213015744	1584.9143338942993	5832.686694035031	3907.6757925008264	9516.376720137538	1	4163.181568480905	2225.3793456494927	6071.345838083052	1	1	1	severe
6.3	UK	0.07970667237126108	0.05988273246257663	0.10136728430147471	1300.8049600566358	1007.6342213015744	1584.9143338942993	16319.900472041936	11386.48659855459	23014.65186009739	1	652.0085130392612	85.29437418726543	1248.834483541146	0.99	1	1	less_severe
6.3	UK	0.09934057884454703	0.07803722739143464	0.12162314259469782	1300.8049600566358	1007.6342213015744	1584.9143338942993	13094.39682339881	9505.52389791996	18101.465040386636	1	1133.0392216347664	518.447221300103	1724.210966076879	1	1	1	mixed
8	Nigeria	3.5866455559461032	2.903599016042289	4.236534341876217	2798.590644061266	2187.020871125846	3393.0938909420815	780.2807945216766	578.3336167713636	1041.6702191200948	1	788.054911884837	-120.02127367895962	1702.691155049693	0.953	1	1	severe
8	Nigeria	2.6767731718468823	2.2540341045328773	3.070933335804128	2798.590644061266	2187.020871125846	3393.0938909420815	1045.509075440387	788.1482719152181	1335.9818960105622	1	-121.817472214384	-827.8879887944669	611.0777590132633	0.368	1	1	less_severe
8	Nigeria	2.8014256884684756	2.366648864128952	3.191539029897525	2798.590644061266	2187.020871125846	3393.0938909420815	998.9879994251215	753.3804442881803	1278.8601972672507	1	2.835044407209326	-720.3142446339746	749.9484297434004	0.505	1	1	mixed
8	Ecuador	2.125156143655709	1.4408792223305975	2.728521990222565	1611.4131298956847	1251.7996417761099	1948.087885829709	758.2563449308342	521.4983977461429	1170.6281219882758	1	5295.344336985369	3036.154352721014	7339.865190841937	1	1	1	severe
8	Ecuador	1.0180036858342918	0.8237510950472804	1.213126074159156	1611.4131298956847	1251.7996417761099	1948.087885829709	1582.9148286187901	1157.1521053138144	2131.2364795428543	1	1697.0988490657633	972.656809502824	2438.7076279544012	1	1	1	less_severe
8	Ecuador	1.169683572555826	0.9565986001250653	1.3735773772817819	1611.4131298956847	1251.7996417761099	1948.0878858297092	1377.6487656184265	1007.1076252039826	1843.2531792882278	1	2190.0584809107495	1406.0823678006739	2937.8976723581986	1	1	1	mixed
8	UK	0.24181464101704606	0.1632470371871257	0.3193075739420571	1301.8802256824888	1008.8549979852074	1585.8294184161264	5383.794050711414	3673.177984154033	8417.02224792342	1	4622.578479235139	2687.204403782674	6537.173835642423	1	1	1	severe
8	UK	0.09946596682306581	0.07951803861551172	0.12157493103785412	1301.8802256824888	1008.8549979852074	1585.8294184161264	13088.700258635472	9404.214624481443	17782.23465925774	1	1135.0359614826236	554.095141552993	1744.0021543853563	1	1	1	less_severe
8	UK	0.1189677351876411	0.09673843912437943	0.14174609480841463	1301.8802256824888	1008.8549979852074	1585.8294184161264	10943.137007938383	8043.473031635125	14645.069052758708	1	1612.8292864147184	978.2696839013306	2218.9927419341197	1	1	1	mixed
10	Nigeria	4.233839699853117	3.5624777878050162	4.888143214870229	2814.9922070386274	2206.125027068368	3407.270086321476	664.8792601043177	500.9463699966074	863.0083893879025	1	1418.8474928144901	520.1765450439916	2322.804717394997	0.999	1	1	severe
10	Nigeria	3.376132144103115	2.939340583931182	3.7775401053141513	2814.9922070386274	2206.125027068368	3407.270086321476	833.7920694115612	637.1532054070357	1046.6064680306238	1	561.1399370644872	-151.57206888938427	1295.0810554525212	0.933	1	1	less_severe
10	Nigeria	3.4936380792408652	3.051237144904017	3.8943214717084915	2814.9922070386274	2206.125027068368	3407.270086321476	805.7480892955857	617.3115410590817	1015.8716682278198	1	678.6458722022378	-52.45428819665267	1428.009389063993	0.963	1	1	mixed
10	Ecuador	2.4088464239121694	1.72286772818864	3.0128239820017586	1614.1752103680817	1255.0270281687153	1950.2537221579046	670.1029979929253	471.1381440816886	983.4414081029613	1	6214.575667346469	3944.1703121652336	8249.294329289794	1	1	1	severe
10	Ecuador	1.3179278923302677	1.1195069645481999	1.5206964232167806	1614.1752103680817	1255.0270281687153	1950.2537221579046	1224.7826453646187	913.1384552855625	1602.7173593973928	1	2669.0904397052886	1897.4028014601508	3428.179230561252	1	1	1	less_severe
10	Ecuador	1.4673837311569884	1.2471071960879438	1.6770576224923586	1614.1752103680817	1255.0270281687153	1950.2537221579046	1100.0361910073466	822.2733742035362	1437.199925273751	1	3154.8219158921306	2333.395824017684	3918.3799705502324	1	1	1	mixed
10	UK	0.2635371173594704	0.18518088591093404	0.3406944648506797	1303.1307860677223	1010.2746789443972	1586.8938335491512	4944.77134425897	3422.68690238976	7482.383731274917	1	5153.528589239302	3223.7919196967123	7068.247892069671	1	1	1	severe
10	UK	0.1223101963050487	0.10161487263284291	0.145033621714335	1303.1307860677223	1010.2746789443972	1586.8938335491512	10654.310314551689	7793.497312500696	14145.43139631448	1	1693.4690234059708	1087.6330888836687	2313.281447118779	1	1	1	less_severe
10	UK	0.14165828448950446	0.11881472642576874	0.16531005139550284	1303.1307860677223	1010.2746789443972	1586.8938335491512	9199.114550651444	6813.8864667167	12012.928386276104	1	2167.497183925137	1512.570680114086	2778.5774701365362	1	1	1	mixed
