scenario_id	group	label	country	daly_averted	da_lo	da_hi	incr_cost	ic_lo	ic_hi	icer	icer_lo	icer_hi	p_da_pos	inb_oc	inb_lo	inb_hi	p_ce_oc	p_ce_1x	p_ce_3x	severity
BASE	Base case	Base case	Nigeria	2.845787797476249	1.3385905738898618	4.234748221723569	2781.033723755944	2164.1035191972333	3380.590636211811	977.2456422162849	607.3484541696104	2090.993859591102	1	64.75407372030537	-1488.6865614465505	1619.8591378207143	0.538	0.968	1	severe
BASE	Base case	Base case	Nigeria	1.8802118047136043	0.3217132700736095	3.2305040735636017	2781.033723755944	2164.1035191972333	3380.590636211811	1479.106618086335	810.2261385881278	8074.845941240024	0.997	-900.8219190423395	-2503.2184619656414	537.5570010253042	0.135	0.735	0.96	less_severe
BASE	Base case	Base case	Nigeria	2.012495715722087	0.47663668625373884	3.3538178518228934	2781.033723755944	2164.1035191972333	3380.590636211811	1381.8830529823533	774.7407286477026	5814.19906577799	0.999	-768.5380080338571	-2358.5275211058483	679.1451443378677	0.18	0.779	0.976	mixed
BASE	Base case	Base case	Ecuador	1.845241202276407	1.0587495875107176	2.6225810696122127	1608.7305448975308	1248.3031331292736	1945.933583944325	871.8266982727778	540.2713490682356	1604.5225183651469	1	4388.303362500792	1761.872203391902	6927.771773347657	1	1	1	severe
BASE	Base case	Base case	Ecuador	0.7223478893456764	0.16971143998048732	1.2617179377368894	1608.7305448975308	1248.3031331292736	1945.933583944325	2227.0855478719063	1243.643047762473	9695.396018877807	1	738.9000954759177	-1084.3550151454576	2550.6051415200973	0.773	0.944	0.992	less_severe
BASE	Base case	Base case	Ecuador	0.8761842732171866	0.3163789568861589	1.4240185581962284	1608.7305448975308	1248.3031331292736	1945.933583944325	1836.0641637524145	1066.1904413448176	4876.4930163115805	1	1238.8683430583255	-543.5912824075833	3069.6935611704203	0.895	0.991	1	mixed
BASE	Base case	Base case	UK	0.22078378156573059	0.1371298807930711	0.30512212243998343	1300.681584877715	1008.0569409187281	1585.6419194531422	5891.200774140572	3707.8253209047743	9844.00268545802	1	4108.521063482685	2033.6296565487219	6277.479883701752	1	1	1	severe
BASE	Base case	Base case	UK	0.07736156046871505	0.035603478403184806	0.11861780279731782	1300.681584877715	1008.0569409187281	1585.6419194531422	16813.021570366458	10068.543336764247	36821.09562631287	1	594.6766466058035	-460.89532681477016	1685.7401339754877	0.843	0.993	1	less_severe
BASE	Base case	Base case	UK	0.09701040475900617	0.05614153657232814	0.13800882712837248	1300.681584877715	1008.0569409187281	1585.6419194531422	13407.650324816972	8444.881342567915	23632.374189991868	1	1076.0733317179363	49.343750685844554	2185.515700385834	0.977	1	1	mixed
SMR-U-NGUGI	Untreated mortality	Untreated SMR 6.5 (5.0-8.3), Ngugi 2014	Nigeria	3.0717527188717155	2.237086480602363	3.911180656019082	2786.141635982236	2167.073070430047	3380.8461636790607	907.0201578614091	641.339162472083	1301.34618012672	1	285.61108288947946	-718.7436203758298	1368.1023575910328	0.695	1	1	severe
SMR-U-NGUGI	Untreated mortality	Untreated SMR 6.5 (5.0-8.3), Ngugi 2014	Nigeria	2.122308169753209	1.4371802717152662	2.849090084221141	2786.141635982236	2167.073070430047	3380.8461636790607	1312.7884421734193	897.404491017387	1957.2685015762295	1	-663.8334662290271	-1523.2406470536318	252.00434761200688	0.084	0.978	1	less_severe
SMR-U-NGUGI	Untreated mortality	Untreated SMR 6.5 (5.0-8.3), Ngugi 2014	Nigeria	2.2523820729824444	1.5527667626695216	2.993847755998519	2786.141635982236	2167.073070430047	3380.8461636790607	1236.9755866033088	857.0732610822207	1800.9862494836445	1	-533.7595629997916	-1398.1035044050204	381.9876405433463	0.137	0.992	1	mixed
SMR-U-NGUGI	Untreated mortality	Untreated SMR 6.5 (5.0-8.3), Ngugi 2014	Ecuador	1.9212657971044556	1.2198366606582185	2.5688243692802573	1609.4510470091157	1249.1193930369882	1946.410982424967	837.7034814416221	547.0326007163527	1357.6398875246684	1	4634.662793580364	2364.84671216497	6841.031337564148	1	1	1	severe
SMR-U-NGUGI	Untreated mortality	Untreated SMR 6.5 (5.0-8.3), Ngugi 2014	Ecuador	0.8025850668099156	0.5273441302276362	1.1029578981419244	1609.4510470091157	1249.1193930369882	1946.410982424967	2005.3339061070499	1330.5547488588522	3148.4457333109485	1	998.9504201231101	60.13986529492919	1991.808634946621	0.984	1	1	less_severe
SMR-U-NGUGI	Untreated mortality	Untreated SMR 6.5 (5.0-8.3), Ngugi 2014	Ecuador	0.9558443268602677	0.6578143844440731	1.2509956586956383	1609.4510470091157	1249.1193930369882	1946.410982424967	1683.8003865083326	1130.8138080770564	2478.749889806512	1	1497.043015286754	554.8499329970347	2544.401533898582	1	1	1	mixed
SMR-U-NGUGI	Untreated mortality	Untreated SMR 6.5 (5.0-8.3), Ngugi 2014	UK	0.22640653918966488	0.14733593126835456	0.3042171490261918	1300.9999180108875	1008.0703984357931	1585.4276319574608	5746.300096575463	3764.2573332775655	9271.6800779556	1	4245.960292135902	2279.933474303051	6185.655679229612	1	1	1	severe
SMR-U-NGUGI	Untreated mortality	Untreated SMR 6.5 (5.0-8.3), Ngugi 2014	UK	0.08326845590850059	0.05969280335024197	0.11143189613849291	1300.9999180108875	1008.0703984357931	1585.4276319574608	15624.162881565731	10675.971104506745	23409.40438317721	1	739.077251747377	73.95278354386369	1489.8680495755104	0.986	1	1	less_severe
SMR-U-NGUGI	Untreated mortality	Untreated SMR 6.5 (5.0-8.3), Ngugi 2014	UK	0.10287837331802009	0.07888745895328489	0.12971733233459334	1300.9999180108875	1008.0703984357931	1585.4276319574608	12646.000087785267	8833.891905042512	17799.633254364904	1	1219.520228280605	545.6403093404559	1998.142043090271	1	1	1	mixed
SMR-U-LEVIRA	Untreated mortality	Untreated SMR 2.6, Levira 2017 weighted median	Nigeria	1.2971377721858788	0.5575782164028084	1.9729808774669366	2745.773006846811	2125.472406850291	3347.1255408153215	2116.793655788588	1292.7211279987978	5089.640598839612	1	-1448.6352346609322	-2387.7438652185037	-526.9985278683732	0.001	0.422	0.986	severe
SMR-U-LEVIRA	Untreated mortality	Untreated SMR 2.6, Levira 2017 weighted median	Nigeria	0.21928521608843674	-0.16458559144600168	0.5787422001372903	2745.773006846811	2125.472406850291	3347.1255408153215	12521.46886974566	-129959.97088415913	132572.48441544108	0.869	-2526.487790758374	-3188.099199491882	-1808.0140632360442	0	0	0.111	less_severe
SMR-U-LEVIRA	Untreated mortality	Untreated SMR 2.6, Levira 2017 weighted median	Nigeria	0.3669510162737864	-0.02510670619576606	0.7287200717442954	2745.773006846811	2125.472406850291	3347.1255408153215	7482.669035035886	-35972.002606604976	48690.07204399567	0.962	-2378.8219905730243	-3068.0049798236646	-1654.998687621251	0	0	0.33	mixed
SMR-U-LEVIRA	Untreated mortality	Untreated SMR 2.6, Levira 2017 weighted median	Ecuador	1.3101634986656272	0.6163925849810691	1.924499207522376	1603.6415649030607	1241.5785541920022	1942.0843745473696	1224.001101035355	761.3400558586678	2613.796677235541	1	2654.3898057602273	392.7949165668689	4699.992430762587	0.994	1	1	severe
SMR-U-LEVIRA	Untreated mortality	Untreated SMR 2.6, Levira 2017 weighted median	Ecuador	0.15733455045637948	-0.012434558301269237	0.3369803617111436	1603.6415649030607	1241.5785541920022	1942.0843745473696	10192.55821592515	-32407.634095638474	68166.00930237252	0.967	-1092.3042759198274	-1760.066571067232	-392.4542692134306	0.001	0.176	0.786	less_severe
SMR-U-LEVIRA	Untreated mortality	Untreated SMR 2.6, Levira 2017 weighted median	Ecuador	0.3152721163610464	0.12355241025134968	0.5043466959109547	1603.6415649030607	1241.5785541920022	1942.0843745473696	5086.531544282168	2961.863087070501	12955.128250057835	0.999	-579.0071867296599	-1319.724051957798	131.19988472046492	0.055	0.754	0.993	mixed
SMR-U-LEVIRA	Untreated mortality	Untreated SMR 2.6, Levira 2017 weighted median	UK	0.18103640061723947	0.10162325874957429	0.2583195496404102	1298.4249055178525	1004.9317715607237	1582.8892488750282	7172.175877839498	4575.777173174365	13194.437012248232	1	3136.9669096045136	1194.8839637030133	5042.957451591576	1	1	1	severe
SMR-U-LEVIRA	Untreated mortality	Untreated SMR 2.6, Levira 2017 weighted median	UK	0.03558831538370192	0.016582467345935242	0.05685166058828852	1298.4249055178525	1004.9317715607237	1582.8892488750282	36484.58465984263	21488.28230388862	79567.75308178684	1	-426.5111786171555	-966.1920315970555	165.10639903646663	0.079	0.803	1	less_severe
SMR-U-LEVIRA	Untreated mortality	Untreated SMR 2.6, Levira 2017 weighted median	UK	0.05551470306069656	0.03563818284984335	0.07714565561579766	1298.4249055178525	1004.9317715607237	1582.8892488750282	23388.84716897846	15659.454529405775	38885.230563235964	1	61.685319469213255	-545.6381833212731	635.0870778161202	0.577	0.997	1	mixed
SMR-U-EQ-T	Untreated mortality	Untreated SMR equal to treated with continuing seizures	Nigeria	1.3030168877067867	0.6568545416460253	1.9089528605664805	2745.9583259644205	2125.8141257505717	3346.227533240834	2107.3850629803455	1294.8929715034785	4183.633034536047	1	-1442.9414382576338	-2352.306866798149	-521.3205869247635	0.001	0.42	0.997	severe
SMR-U-EQ-T	Untreated mortality	Untreated SMR equal to treated with continuing seizures	Nigeria	0.22580431528133751	0.043626644298887365	0.4501711412039683	2745.9583259644205	2125.8141257505717	3346.227533240834	12160.787638372343	5642.688680451577	61634.162730768636	0.997	-2520.154010683083	-3217.522394058833	-1876.357905680506	0	0	0.032	less_severe
SMR-U-EQ-T	Untreated mortality	Untreated SMR equal to treated with continuing seizures	Nigeria	0.3733824377036241	0.1717761511737533	0.5987710007333511	2745.9583259644205	2125.8141257505717	3346.227533240834	7354.278210974806	4245.558247288677	16605.43887392581	1	-2372.5758882607965	-3076.540128877994	-1714.964079398168	0	0	0.271	mixed
SMR-U-EQ-T	Untreated mortality	Untreated SMR equal to treated with continuing seizures	Ecuador	1.3124739420749247	0.6481384508374899	1.9305734636022192	1603.669428733007	1241.387670618482	1942.3129191632415	1221.8676328138931	754.533939504034	2483.0853568292305	1	2661.8708830104983	479.67426953363497	4712.916813717448	0.996	0.999	1	severe
SMR-U-EQ-T	Untreated mortality	Untreated SMR equal to treated with continuing seizures	Ecuador	0.1598208625310456	0.031153785081334675	0.32931449402110496	1603.669428733007	1241.387670618482	1942.3129191632415	10034.168276507018	4621.829011912313	48200.5032500434	0.997	-1084.2516255071089	-1680.6403392747113	-440.2754246731809	0	0.163	0.84	less_severe
SMR-U-EQ-T	Untreated mortality	Untreated SMR equal to treated with continuing seizures	Ecuador	0.31773433442855703	0.1580278101332979	0.4922233239616245	1603.669428733007	1241.387670618482	1942.3129191632415	5047.2021905256015	3060.9567796990423	10251.21525167179	1	-571.0328418401966	-1231.6837061042615	93.7424599096989	0.047	0.76	0.997	mixed
SMR-U-EQ-T	Untreated mortality	Untreated SMR equal to treated with continuing seizures	UK	0.1812107359891538	0.10569095781407398	0.2575007002956237	1298.437328031246	1005.200844531035	1582.848799341728	7165.344376223728	4535.111950671376	12919.518597888673	1	3141.2257037030217	1217.8078352692198	5088.43731359259	1	1	1	severe
SMR-U-EQ-T	Untreated mortality	Untreated SMR equal to treated with continuing seizures	UK	0.03577459836619096	0.018518905678830525	0.05588948088031914	1298.437328031246	1005.200844531035	1582.848799341728	36294.951930427356	20944.8839598784	73687.5185480101	1	-421.95966805956726	-960.7709850749885	179.05845275125978	0.072	0.802	1	less_severe
SMR-U-EQ-T	Untreated mortality	Untreated SMR equal to treated with continuing seizures	UK	0.055699349220536876	0.036458097592456634	0.07697025856474031	1298.437328031246	1005.200844531035	1582.848799341728	23311.5349856278	15608.71600709012	38079.45820385847	1	66.19672787190747	-506.42899832096725	677.1413077123669	0.583	0.999	1	mixed
SMR-BEST	Untreated mortality	Best case: untreated 10.0, treated 1.84, seizure-free 0.68	Nigeria	4.649562787659165	4.054898726189346	5.217242560937988	2891.9575458114905	2266.5492053918165	3479.1265405045497	621.9848355392259	471.3367804161169	796.2379233653846	1	1757.6052418476747	870.5528790787918	2627.018356495124	1	1	1	severe
SMR-BEST	Untreated mortality	Best case: untreated 10.0, treated 1.84, seizure-free 0.68	Nigeria	3.791855231909162	3.510941460786903	4.0566792007314385	2891.9575458114905	2266.5492053918165	3479.1265405045497	762.6761489930136	592.7311677266055	948.595212187588	1	899.8976860976719	181.02235888378263	1597.519437921493	0.996	1	1	less_severe
SMR-BEST	Untreated mortality	Best case: untreated 10.0, treated 1.84, seizure-free 0.68	Nigeria	3.9093611670469124	3.6256209496163034	4.193774891462694	2891.9575458114905	2266.5492053918165	3479.1265405045497	739.7519498041269	574.391394031226	925.0332057373546	1	1017.4036212354223	283.9855432604996	1721.6852711465647	0.999	1	1	mixed
SMR-BEST	Untreated mortality	Best case: untreated 10.0, treated 1.84, seizure-free 0.68	Ecuador	2.530508187932717	1.8764095871413158	3.141499718069306	1624.2714138803356	1262.1618812669099	1961.0590093262367	641.8755812077708	457.96615713475194	922.1891467717344	1	6599.880196900995	4486.785773244306	8635.30347474982	1	1	1	severe
SMR-BEST	Untreated mortality	Best case: untreated 10.0, treated 1.84, seizure-free 0.68	Ecuador	1.4395896563508155	1.2713076386310078	1.6217388321431543	1624.2714138803356	1262.1618812669099	1961.0590093262367	1128.2877775029767	854.4832655186311	1449.547741386597	1	3054.394969259815	2336.985820401548	3773.4107755111845	1	1	1	less_severe
SMR-BEST	Untreated mortality	Best case: untreated 10.0, treated 1.84, seizure-free 0.68	Ecuador	1.589045495177536	1.3999582261266943	1.782899397817834	1624.2714138803356	1262.1618812669099	1961.0590093262367	1022.1679736733176	770.9563517851878	1312.7732938271342	1	3540.1264454466564	2762.4788118889487	4259.157816128516	1	1	1	mixed
SMR-BEST	Untreated mortality	Best case: untreated 10.0, treated 1.84, seizure-free 0.68	UK	0.2716478938105364	0.19593165317058672	0.34851866803676196	1307.3180886726234	1014.5575770930529	1591.0795556225276	4812.546382503616	3344.0954090121536	7206.4158201794025	1	5348.055309685518	3445.1771337774817	7284.758633659317	1	1	1	severe
SMR-BEST	Untreated mortality	Best case: untreated 10.0, treated 1.84, seizure-free 0.68	UK	0.1304209727561147	0.11055688296203355	0.15157721990104225	1307.3180886726234	1014.5575770930529	1591.0795556225276	10023.833291883882	7285.171758625318	13112.209585587194	1	1887.9957438521867	1307.4908339263307	2501.3772535257103	1	1	1	less_severe
SMR-BEST	Untreated mortality	Best case: untreated 10.0, treated 1.84, seizure-free 0.68	UK	0.1497690609405705	0.1274410661084368	0.171995901618181	1307.3180886726234	1014.5575770930529	1591.0795556225276	8728.8928732175	6483.955521233627	11421.685569585235	1	2362.023904371353	1737.8656483396273	2989.2205444956917	1	1	1	mixed
SMR-WORST	Untreated mortality	Worst case: untreated 2.0, treated 2.0, seizure-free 1.29	Nigeria	1.2665467738167389	0.6255743288756518	1.859756152097984	2790.594649496085	2163.1364419368138	3382.485849172439	2203.3095872856143	1367.7636356707278	4452.497702108903	1	-1524.047875679346	-2431.257888003006	-622.6019577286125	0.001	0.36	0.997	severe
SMR-WORST	Untreated mortality	Worst case: untreated 2.0, treated 2.0, seizure-free 1.29	Nigeria	0.16718765020581852	0.03257282570231801	0.33655963162527935	2790.594649496085	2163.1364419368138	3382.485849172439	16691.39225331947	7738.797589342059	78884.59998930182	0.997	-2623.4069992902664	-3289.572930985289	-1960.7302428951932	0	0	0	less_severe
SMR-WORST	Untreated mortality	Worst case: untreated 2.0, treated 2.0, seizure-free 1.29	Nigeria	0.31779985014051465	0.15540023995857344	0.4905799302821836	2790.594649496085	2163.1364419368138	3382.485849172439	8780.981640684313	5274.0156614314365	18482.480645082214	1	-2472.7947993555704	-3151.220518247323	-1805.238761415168	0	0	0.084	mixed
SMR-WORST	Untreated mortality	Worst case: untreated 2.0, treated 2.0, seizure-free 1.29	Ecuador	1.2995795009035647	0.634530543029436	1.9127240792383937	1609.5415366357558	1245.9409996850095	1947.3599966051675	1238.5094836573542	762.218149142132	2511.213111884792	1	2614.0918413008294	445.46816027162384	4651.351566546499	0.995	0.999	1	severe
SMR-WORST	Untreated mortality	Worst case: untreated 2.0, treated 2.0, seizure-free 1.29	Ecuador	0.1415032244547627	0.027789342970859443	0.29037922167917213	1609.5415366357558	1245.9409996850095	1947.3599966051675	11374.592648595873	5059.845476718406	54889.371543955014	0.997	-1149.6560571577768	-1711.6172021439347	-552.4343627362565	0	0.094	0.773	less_severe
SMR-WORST	Untreated mortality	Worst case: untreated 2.0, treated 2.0, seizure-free 1.29	Ecuador	0.30015967432824864	0.1516232260104019	0.4583421889475283	1609.5415366357558	1245.9409996850095	1947.3599966051675	5362.284391592168	3289.183887757593	10489.374181500098	1	-634.0225950689477	-1259.0046155335099	-17.47728315012832	0.02	0.714	0.997	mixed
SMR-WORST	Untreated mortality	Worst case: untreated 2.0, treated 2.0, seizure-free 1.29	UK	0.1787768720856304	0.10114304186554285	0.2552287342770712	1300.5237965189049	1007.0388197427835	1585.341303357545	7274.563993355813	4608.5759686219835	13354.357084746074	1	3079.5095695790396	1190.4605324288584	5008.358190234122	1	1	1	severe
SMR-WORST	Untreated mortality	Worst case: untreated 2.0, treated 2.0, seizure-free 1.29	UK	0.032977911128760994	0.016616730407753612	0.05229088430397651	1300.5237965189049	1007.0388197427835	1585.341303357545	39436.20902612841	22901.821681664067	79787.61671422972	1	-492.5649738642606	-1005.0583810483076	80.69334648006019	0.043	0.732	1	less_severe
SMR-WORST	Untreated mortality	Worst case: untreated 2.0, treated 2.0, seizure-free 1.29	UK	0.05295236877985209	0.03480291229427229	0.0732733956275068	1300.5237965189049	1007.0388197427835	1585.341303357545	24560.25719880057	16400.143495146178	39798.34222623913	1	-3.190761412528474	-558.4573982175116	569.8939529756951	0.506	0.999	1	mixed
SMR-U-DECLINE	Untreated mortality	Untreated SMR declining linearly to 2.6 by year 10	Nigeria	2.186705263978798	1.1590035621476207	3.2047013579521706	2770.7765404983747	2144.1306919149206	3370.973564088277	1267.1010520443142	789.8179208984873	2457.9354869495673	1	-584.0712765195769	-1730.0693979906296	640.0755320952954	0.178	0.928	1	severe
SMR-U-DECLINE	Untreated mortality	Untreated SMR declining linearly to 2.6 by year 10	Nigeria	1.1884616729303124	0.2120455771701147	2.1111684266781996	2770.7765404983747	2144.1306919149206	3370.973564088277	2331.3974725551325	1265.4825624106882	12364.356018486973	0.998	-1582.3148675680623	-2612.4917699333673	-523.1200427907627	0.002	0.365	0.925	less_severe
SMR-U-DECLINE	Untreated mortality	Untreated SMR declining linearly to 2.6 by year 10	Nigeria	1.325221044903955	0.3541014346174183	2.248735133124297	2770.7765404983747	2144.1306919149206	3370.973564088277	2090.80330496803	1187.1906941861957	7524.121485734121	0.999	-1445.5554955944199	-2490.991284176373	-363.61780887536463	0.003	0.466	0.959	mixed
SMR-U-DECLINE	Untreated mortality	Untreated SMR declining linearly to 2.6 by year 10	Ecuador	1.5946545816919895	0.8928754891508911	2.2608225118213943	1607.0944504150582	1246.1018581264768	1944.016199389704	1007.8009801407082	623.3169354394826	1869.488380534091	1	3575.5329400839073	1232.301929205552	5839.039551514837	1	1	1	severe
SMR-U-DECLINE	Untreated mortality	Untreated SMR declining linearly to 2.6 by year 10	Ecuador	0.46213789888430395	0.11748445782269293	0.7980633001264243	1607.0944504150582	1246.1018581264768	1944.016199389704	3477.521437421417	1927.4636637232968	12992.474665851907	1	-105.1462790410703	-1202.550350520238	1018.9126837296621	0.444	0.888	0.991	less_severe
SMR-U-DECLINE	Untreated mortality	Untreated SMR declining linearly to 2.6 by year 10	Ecuador	0.6172926844289568	0.2735494744819895	0.9531989387837941	1607.0944504150582	1246.1018581264768	1944.016199389704	2603.456173957001	1557.623170194276	5876.155424641121	1	399.10677397905164	-705.3774597055319	1585.9034321087443	0.731	0.985	1	mixed
SMR-U-DECLINE	Untreated mortality	Untreated SMR declining linearly to 2.6 by year 10	UK	0.20072761266175593	0.12171842991304994	0.2783194595556625	1299.8946677200104	1006.9603141099203	1584.6941524713568	6475.913555104398	4141.830945785327	11145.653271049032	1	3617.9318424930093	1644.3353829384546	5558.901240512667	1	1	1	severe
SMR-U-DECLINE	Untreated mortality	Untreated SMR declining linearly to 2.6 by year 10	UK	0.0565990533303405	0.031005902017734177	0.08586086921056968	1299.8946677200104	1006.9603141099203	1584.6941524713568	22966.72101798545	14200.38699253942	44916.893388659766	1	86.78213887333185	-610.8624545458285	866.1439793148711	0.576	0.987	1	less_severe
SMR-U-DECLINE	Untreated mortality	Untreated SMR declining linearly to 2.6 by year 10	UK	0.07634466595874441	0.0502554145877691	0.10422017332233793	1299.8946677200104	1006.9603141099203	1584.6941524713568	17026.65996891591	11161.341859271406	27280.87926754424	1	570.5496482692276	-141.63175866413852	1361.145949439679	0.938	1	1	mixed
UK-GAP-30	UK treatment gap	UK gap 30% to 10% (wider gap)	UK	0.5887567508419478	0.3656796821148568	0.8136589931732876	3468.4842263405776	2688.1518424499445	4228.3784518750535	5891.200774140584	3707.825320904769	9844.002685458014	1	10956.056169287142	5423.012417463233	16739.946356537956	1	1	1	severe
UK-GAP-30	UK treatment gap	UK gap 30% to 10% (wider gap)	UK	0.20629749458323973	0.094942609075159	0.3163141407928469	3468.4842263405776	2688.1518424499445	4228.3784518750535	16813.02157036651	10068.543336764289	36821.09562631281	1	1585.8043909487958	-1229.0542048393434	4495.307023934596	0.843	0.993	1	less_severe
UK-GAP-30	UK treatment gap	UK gap 30% to 10% (wider gap)	UK	0.2586944126906827	0.14971076419287635	0.36802353900899254	3468.4842263405776	2688.1518424499445	4228.3784518750535	13407.65032481701	8444.881342568015	23632.37418999216	1	2869.528884581149	131.58333516220776	5828.041867695514	0.977	1	1	mixed
UK-GAP-5	UK treatment gap	UK gap 5% to 1.25%	UK	0.11039189078286508	0.06856494039653532	0.15256106121999183	650.3407924388598	504.02847045936664	792.8209597265801	5891.200774140604	3707.8253209047507	9844.00268545813	1	2054.260531741335	1016.8148282743357	3138.739941850867	1	1	1	severe
UK-GAP-5	UK treatment gap	UK gap 5% to 1.25%	UK	0.03868078023435734	0.017801739201592733	0.05930890139865858	650.3407924388598	504.02847045936664	792.8209597265801	16813.021570366596	10068.543336764364	36821.09562631323	1	297.33832330289493	-230.44766340737985	842.8700669877401	0.843	0.993	1	less_severe
UK-GAP-5	UK treatment gap	UK gap 5% to 1.25%	UK	0.0485052023795029	0.028070768286164168	0.06900441356418587	650.3407924388598	504.02847045936664	792.8209597265801	13407.65032481707	8444.881342568073	23632.374189992504	1	538.0366658589612	24.671875342903462	1092.7578501929027	0.977	1	1	mixed
DRE-9	Drug resistance	Severe (drug-resistant) share 9.2%, lower population bound	Nigeria	1.9690447960477677	0.42246371206390826	3.312899644613758	2781.033723755944	2164.1035191972333	3380.590636211811	1412.3770720391867	788.9871792784372	6426.705445039896	0.999	-811.9889277081761	-2404.4896188266052	630.0050533332097	0.161	0.764	0.97	mixed
DRE-9	Drug resistance	Severe (drug-resistant) share 9.2%, lower population bound	Ecuador	0.8256540741353037	0.26612853722049196	1.3718016183763455	1608.7305448975308	1248.3031331292739	1945.933583944325	1948.4316680473387	1112.3783594014542	5771.493384631766	1	1074.6451960422062	-735.6960486844876	2879.2169371111972	0.865	0.981	1	mixed
DRE-9	Drug resistance	Severe (drug-resistant) share 9.2%, lower population bound	UK	0.09055640480964047	0.04942560868571306	0.1323357359239447	1300.681584877715	1008.0569409187281	1585.6419194531422	14363.22022293057	8977.023409967174	27242.12964313639	1	917.9503329584766	-135.11410263035367	2026.5590104904697	0.956	1	1	mixed
DRE-19	Drug resistance	Severe (drug-resistant) share 19.0%, upper population bound	Nigeria	2.063671243338507	0.5406089833767718	3.424859196433934	2781.033723755944	2164.1035191972333	3380.5906362118117	1347.6147098202148	763.1263296086752	5227.591628354108	0.999	-717.3624804174369	-2303.4753618179057	735.7372557111368	0.2	0.798	0.984	mixed
DRE-19	Drug resistance	Severe (drug-resistant) share 19.0%, upper population bound	Ecuador	0.9356976188025153	0.3716278414064078	1.471143307164294	1608.730544897531	1248.3031331292736	1945.933583944325	1719.2846412886547	1010.0870243775486	4222.840055039828	1	1432.286716210644	-351.44870148497745	3265.996360248598	0.926	0.996	1	mixed
DRE-19	Drug resistance	Severe (drug-resistant) share 19.0%, upper population bound	UK	0.104611782477148	0.06308029704295258	0.14717356645599813	1300.6815848777153	1008.0569409187282	1585.6419194531427	12433.41384764038	7912.024715320749	21351.929153946025	1	1262.307085812411	199.6430427605394	2401.8950599064096	0.994	1	1	mixed
DRE-36	Drug resistance	Severe (drug-resistant) share 36.3%, clinic-based	Nigeria	2.2307158900864446	0.7360679606518004	3.601391460194068	2781.033723755944	2164.1035191972333	3380.590636211811	1246.700100230233	722.0429844956404	3958.523966400138	1	-550.3178336694995	-2100.323831151682	879.4594661241439	0.266	0.853	0.99	mixed
DRE-36	Drug resistance	Severe (drug-resistant) share 36.3%, clinic-based	Ecuador	1.1299581619395316	0.5772041963942619	1.7031900826487885	1608.7305448975308	1248.3031331292736	1945.933583944325	1423.7080620190432	851.9984555837239	2998.4792803064706	1	2063.6334814059474	145.39850122969196	3985.175369150255	0.99	1	1	mixed
DRE-36	Drug resistance	Severe (drug-resistant) share 36.3%, clinic-based	UK	0.1294238267269317	0.08372540422038745	0.17857202714427065	1300.681584877715	1008.0569409187281	1585.6419194531422	10049.784632175903	6457.675414561435	16324.066436202102	1	1870.2021699321115	712.1875921087201	3138.0029401641355	0.999	1	1	mixed
UK-CTRL-85	Drug resistance	UK cumulative seizure control 85% (80-90%)	UK	0.24301603862333995	0.1615443424994575	0.3246733481484681	1301.7128983223342	1009.0651033885466	1586.9120556978346	5356.489660914562	3475.6732495369997	8382.791395551578	1	4652.180047949495	2646.665746106436	6753.850034569178	1	1	1	severe
UK-CTRL-85	Drug resistance	UK cumulative seizure control 85% (80-90%)	UK	0.09959381752632442	0.057206890064824434	0.14376441988174887	1301.7128983223342	1009.0651033885466	1586.9120556978346	13070.21791767615	8187.653593572633	22967.14311876116	1	1138.3356310726142	89.8310912310265	2257.9740603628115	0.982	1	1	less_severe
UK-CTRL-85	Drug resistance	UK cumulative seizure control 85% (80-90%)	UK	0.11924266181661555	0.07729888201629877	0.16203437872881357	1301.7128983223342	1009.0651033885466	1586.9120556978346	10916.503191821155	7215.571468209016	17195.81146796249	1	1619.7323161847469	596.357032740583	2741.2391090949354	0.999	1	1	mixed
UK-INIT-500	Costs	UK case-finding and initiation US$500 (250-750)	UK	0.22078378156573059	0.1371298807930711	0.30512212243998343	1333.093554396057	1038.5077876024634	1613.9203771489274	6038.004897561624	3824.0428124341975	10095.74937240306	1	4076.1090939643427	2000.4022579842033	6253.119329190801	1	1	1	severe
UK-INIT-500	Costs	UK case-finding and initiation US$500 (250-750)	UK	0.07736156046871505	0.035603478403184806	0.11861780279731782	1333.093554396057	1038.5077876024634	1613.9203771489274	17231.988940232906	10349.876579177298	37554.830747326116	1	562.2646770874613	-489.8558323727806	1656.441185671015	0.828	0.992	1	less_severe
UK-INIT-500	Costs	UK case-finding and initiation US$500 (250-750)	UK	0.09701040475900617	0.05614153657232814	0.13800882712837248	1333.093554396057	1038.5077876024634	1613.9203771489274	13741.758502170318	8697.513795040875	24303.19368743456	1	1043.6613621995941	10.396640128622613	2159.093838625235	0.976	1	1	mixed
