country	setting	severity	gap	cycle	state	prob	year	scenario
Ecuador	LMIC	less_severe	0.2	0	Untreated	0.2	0	bridged
Ecuador	LMIC	less_severe	0.2	0	Treated	0.8	0	bridged
Ecuador	LMIC	less_severe	0.2	0	Controlled	0	0	bridged
Ecuador	LMIC	less_severe	0.2	0	Remission	0	0	bridged
Ecuador	LMIC	less_severe	0.2	0	Death	0	0	bridged
Ecuador	LMIC	less_severe	0.2	1	Untreated	0.1815675814127318	2	bridged
Ecuador	LMIC	less_severe	0.2	1	Treated	0.6833212282522599	2	bridged
Ecuador	LMIC	less_severe	0.2	1	Controlled	0.10991491415522073	2	bridged
Ecuador	LMIC	less_severe	0.2	1	Remission	0.014503833104847066	2	bridged
Ecuador	LMIC	less_severe	0.2	1	Death	0.010692443074940501	2	bridged
Ecuador	LMIC	less_severe	0.2	2	Untreated	0.16468406198560964	4	bridged
Ecuador	LMIC	less_severe	0.2	2	Treated	0.5839445003314663	4	bridged
Ecuador	LMIC	less_severe	0.2	2	Controlled	0.2028086115584608	4	bridged
Ecuador	LMIC	less_severe	0.2	2	Remission	0.02757078588160069	4	bridged
Ecuador	LMIC	less_severe	0.2	2	Death	0.020992040242862667	4	bridged
Ecuador	LMIC	less_severe	0.2	3	Untreated	0.14923542545105606	6	bridged
Ecuador	LMIC	less_severe	0.2	3	Treated	0.49925691087556345	6	bridged
Ecuador	LMIC	less_severe	0.2	3	Controlled	0.28126554868694426	6	bridged
Ecuador	LMIC	less_severe	0.2	3	Remission	0.0393227654470502	6	bridged
Ecuador	LMIC	less_severe	0.2	3	Death	0.030919349539386135	6	bridged
Ecuador	LMIC	less_severe	0.2	4	Untreated	0.13496399492790717	8	bridged
Ecuador	LMIC	less_severe	0.2	4	Treated	0.4268429384540179	8	bridged
Ecuador	LMIC	less_severe	0.2	4	Controlled	0.3473858010570209	8	bridged
Ecuador	LMIC	less_severe	0.2	4	Remission	0.049853523570442634	8	bridged
Ecuador	LMIC	less_severe	0.2	4	Death	0.04095374199061146	8	bridged
Ecuador	LMIC	less_severe	0.2	5	Untreated	0.12181337191971257	10	bridged
Ecuador	LMIC	less_severe	0.2	5	Treated	0.36491983340242273	10	bridged
Ecuador	LMIC	less_severe	0.2	5	Controlled	0.402972577862066	10	bridged
Ecuador	LMIC	less_severe	0.2	5	Remission	0.059255114271747344	10	bridged
Ecuador	LMIC	less_severe	0.2	5	Death	0.051039102544051404	10	bridged
Ecuador	LMIC	less_severe	0.8	0	Untreated	0.8	0	status_quo
Ecuador	LMIC	less_severe	0.8	0	Treated	0.19999999999999996	0	status_quo
Ecuador	LMIC	less_severe	0.8	0	Controlled	0	0	status_quo
Ecuador	LMIC	less_severe	0.8	0	Remission	0	0	status_quo
Ecuador	LMIC	less_severe	0.8	0	Death	0	0	status_quo
Ecuador	LMIC	less_severe	0.8	1	Untreated	0.7262703256509272	2	status_quo
Ecuador	LMIC	less_severe	0.8	1	Treated	0.17083030706306493	2	status_quo
Ecuador	LMIC	less_severe	0.8	1	Controlled	0.027478728538805175	2	status_quo
Ecuador	LMIC	less_severe	0.8	1	Remission	0.05801533241938826	2	status_quo
Ecuador	LMIC	less_severe	0.8	1	Death	0.017405306327814382	2	status_quo
Ecuador	LMIC	less_severe	0.8	2	Untreated	0.6587362479424386	4	status_quo
Ecuador	LMIC	less_severe	0.8	2	Treated	0.1459861250828665	4	status_quo
Ecuador	LMIC	less_severe	0.8	2	Controlled	0.05070215288961518	4	status_quo
Ecuador	LMIC	less_severe	0.8	2	Remission	0.11028314352640275	4	status_quo
Ecuador	LMIC	less_severe	0.8	2	Death	0.03429233055867694	4	status_quo
Ecuador	LMIC	less_severe	0.8	3	Untreated	0.5969417018042242	6	status_quo
Ecuador	LMIC	less_severe	0.8	3	Treated	0.12481422771889082	6	status_quo
Ecuador	LMIC	less_severe	0.8	3	Controlled	0.07031638717173604	6	status_quo
Ecuador	LMIC	less_severe	0.8	3	Remission	0.1572910617882008	6	status_quo
Ecuador	LMIC	less_severe	0.8	3	Death	0.050636621516948144	6	status_quo
Ecuador	LMIC	less_severe	0.8	4	Untreated	0.5398559797116287	8	status_quo
Ecuador	LMIC	less_severe	0.8	4	Treated	0.10671073461350444	8	status_quo
Ecuador	LMIC	less_severe	0.8	4	Controlled	0.08684645026425519	8	status_quo
Ecuador	LMIC	less_severe	0.8	4	Remission	0.19941409428177054	8	status_quo
Ecuador	LMIC	less_severe	0.8	4	Death	0.0671727411288411	8	status_quo
Ecuador	LMIC	less_severe	0.8	5	Untreated	0.4872534876788503	10	status_quo
Ecuador	LMIC	less_severe	0.8	5	Treated	0.09122995835060566	10	status_quo
Ecuador	LMIC	less_severe	0.8	5	Controlled	0.10074314446551647	10	status_quo
Ecuador	LMIC	less_severe	0.8	5	Remission	0.23702045708698938	10	status_quo
Ecuador	LMIC	less_severe	0.8	5	Death	0.08375295241803818	10	status_quo
Ecuador	LMIC	severe	0.2	0	Untreated	0.2	0	bridged
Ecuador	LMIC	severe	0.2	0	Treated	0.8	0	bridged
Ecuador	LMIC	severe	0.2	0	Controlled	0	0	bridged
Ecuador	LMIC	severe	0.2	0	Remission	0	0	bridged
Ecuador	LMIC	severe	0.2	0	Death	0	0	bridged
Ecuador	LMIC	severe	0.2	1	Untreated	0.1815675814127318	2	bridged
Ecuador	LMIC	severe	0.2	1	Treated	0.6833212282522599	2	bridged
Ecuador	LMIC	severe	0.2	1	Controlled	0.10991491415522073	2	bridged
Ecuador	LMIC	severe	0.2	1	Remission	0.014503833104847066	2	bridged
Ecuador	LMIC	severe	0.2	1	Death	0.010692443074940501	2	bridged
Ecuador	LMIC	severe	0.2	2	Untreated	0.16468406198560964	4	bridged
Ecuador	LMIC	severe	0.2	2	Treated	0.5839445003314663	4	bridged
Ecuador	LMIC	severe	0.2	2	Controlled	0.2028086115584608	4	bridged
Ecuador	LMIC	severe	0.2	2	Remission	0.02757078588160069	4	bridged
Ecuador	LMIC	severe	0.2	2	Death	0.020992040242862667	4	bridged
Ecuador	LMIC	severe	0.2	3	Untreated	0.14923542545105606	6	bridged
Ecuador	LMIC	severe	0.2	3	Treated	0.49925691087556345	6	bridged
Ecuador	LMIC	severe	0.2	3	Controlled	0.28126554868694426	6	bridged
Ecuador	LMIC	severe	0.2	3	Remission	0.0393227654470502	6	bridged
Ecuador	LMIC	severe	0.2	3	Death	0.030919349539386135	6	bridged
Ecuador	LMIC	severe	0.2	4	Untreated	0.13496399492790717	8	bridged
Ecuador	LMIC	severe	0.2	4	Treated	0.4268429384540179	8	bridged
Ecuador	LMIC	severe	0.2	4	Controlled	0.3473858010570209	8	bridged
Ecuador	LMIC	severe	0.2	4	Remission	0.049853523570442634	8	bridged
Ecuador	LMIC	severe	0.2	4	Death	0.04095374199061146	8	bridged
Ecuador	LMIC	severe	0.2	5	Untreated	0.12181337191971257	10	bridged
Ecuador	LMIC	severe	0.2	5	Treated	0.36491983340242273	10	bridged
Ecuador	LMIC	severe	0.2	5	Controlled	0.402972577862066	10	bridged
Ecuador	LMIC	severe	0.2	5	Remission	0.059255114271747344	10	bridged
Ecuador	LMIC	severe	0.2	5	Death	0.051039102544051404	10	bridged
Ecuador	LMIC	severe	0.8	0	Untreated	0.8	0	status_quo
Ecuador	LMIC	severe	0.8	0	Treated	0.19999999999999996	0	status_quo
Ecuador	LMIC	severe	0.8	0	Controlled	0	0	status_quo
Ecuador	LMIC	severe	0.8	0	Remission	0	0	status_quo
Ecuador	LMIC	severe	0.8	0	Death	0	0	status_quo
Ecuador	LMIC	severe	0.8	1	Untreated	0.7262703256509272	2	status_quo
Ecuador	LMIC	severe	0.8	1	Treated	0.17083030706306493	2	status_quo
Ecuador	LMIC	severe	0.8	1	Controlled	0.027478728538805175	2	status_quo
Ecuador	LMIC	severe	0.8	1	Remission	0.05801533241938826	2	status_quo
Ecuador	LMIC	severe	0.8	1	Death	0.017405306327814382	2	status_quo
Ecuador	LMIC	severe	0.8	2	Untreated	0.6587362479424386	4	status_quo
Ecuador	LMIC	severe	0.8	2	Treated	0.1459861250828665	4	status_quo
Ecuador	LMIC	severe	0.8	2	Controlled	0.05070215288961518	4	status_quo
Ecuador	LMIC	severe	0.8	2	Remission	0.11028314352640275	4	status_quo
Ecuador	LMIC	severe	0.8	2	Death	0.03429233055867694	4	status_quo
Ecuador	LMIC	severe	0.8	3	Untreated	0.5969417018042242	6	status_quo
Ecuador	LMIC	severe	0.8	3	Treated	0.12481422771889082	6	status_quo
Ecuador	LMIC	severe	0.8	3	Controlled	0.07031638717173604	6	status_quo
Ecuador	LMIC	severe	0.8	3	Remission	0.1572910617882008	6	status_quo
Ecuador	LMIC	severe	0.8	3	Death	0.050636621516948144	6	status_quo
Ecuador	LMIC	severe	0.8	4	Untreated	0.5398559797116287	8	status_quo
Ecuador	LMIC	severe	0.8	4	Treated	0.10671073461350444	8	status_quo
Ecuador	LMIC	severe	0.8	4	Controlled	0.08684645026425519	8	status_quo
Ecuador	LMIC	severe	0.8	4	Remission	0.19941409428177054	8	status_quo
Ecuador	LMIC	severe	0.8	4	Death	0.0671727411288411	8	status_quo
Ecuador	LMIC	severe	0.8	5	Untreated	0.4872534876788503	10	status_quo
Ecuador	LMIC	severe	0.8	5	Treated	0.09122995835060566	10	status_quo
Ecuador	LMIC	severe	0.8	5	Controlled	0.10074314446551647	10	status_quo
Ecuador	LMIC	severe	0.8	5	Remission	0.23702045708698938	10	status_quo
Ecuador	LMIC	severe	0.8	5	Death	0.08375295241803818	10	status_quo
Nigeria	LMIC	less_severe	0.2	0	Untreated	0.2	0	bridged
Nigeria	LMIC	less_severe	0.2	0	Treated	0.8	0	bridged
Nigeria	LMIC	less_severe	0.2	0	Controlled	0	0	bridged
Nigeria	LMIC	less_severe	0.2	0	Remission	0	0	bridged
Nigeria	LMIC	less_severe	0.2	0	Death	0	0	bridged
Nigeria	LMIC	less_severe	0.2	1	Untreated	0.16933080925514524	2	bridged
Nigeria	LMIC	less_severe	0.2	1	Treated	0.6631526108201391	2	bridged
Nigeria	LMIC	less_severe	0.2	1	Controlled	0.10667127112828849	2	bridged
Nigeria	LMIC	less_severe	0.2	1	Remission	0.013524150997663147	2	bridged
Nigeria	LMIC	less_severe	0.2	1	Death	0.04732115779876412	2	bridged
Nigeria	LMIC	less_severe	0.2	2	Untreated	0.1428314547719491	4	bridged
Nigeria	LMIC	less_severe	0.2	2	Treated	0.5491782171770598	4	bridged
Nigeria	LMIC	less_severe	0.2	2	Controlled	0.192785681727948	4	bridged
Nigeria	LMIC	less_severe	0.2	2	Remission	0.02469317623043144	4	bridged
Nigeria	LMIC	less_severe	0.2	2	Death	0.09051147009261164	4	bridged
Nigeria	LMIC	less_severe	0.2	3	Untreated	0.12004310485635605	6	bridged
Nigeria	LMIC	less_severe	0.2	3	Treated	0.45434399651107116	6	bridged
Nigeria	LMIC	less_severe	0.2	3	Controlled	0.2618142971242026	6	bridged
Nigeria	LMIC	less_severe	0.2	3	Remission	0.03383245762827863	6	bridged
Nigeria	LMIC	less_severe	0.2	3	Death	0.12996614388009162	6	bridged
Nigeria	LMIC	less_severe	0.2	4	Untreated	0.10033246634139137	8	bridged
Nigeria	LMIC	less_severe	0.2	4	Treated	0.3751769485621006	8	bridged
Nigeria	LMIC	less_severe	0.2	4	Controlled	0.316514253938952	8	bridged
Nigeria	LMIC	less_severe	0.2	4	Remission	0.04120312021753752	8	bridged
Nigeria	LMIC	less_severe	0.2	4	Death	0.16677321094001862	8	bridged
Nigeria	LMIC	less_severe	0.2	5	Untreated	0.08340791415589996	10	bridged
Nigeria	LMIC	less_severe	0.2	5	Treated	0.30921694435363195	10	bridged
Nigeria	LMIC	less_severe	0.2	5	Controlled	0.35924202203691835	10	bridged
Nigeria	LMIC	less_severe	0.2	5	Remission	0.047047187450572736	10	bridged
Nigeria	LMIC	less_severe	0.2	5	Death	0.20108593200297706	10	bridged
Nigeria	LMIC	less_severe	0.8	0	Untreated	0.8	0	status_quo
Nigeria	LMIC	less_severe	0.8	0	Treated	0.19999999999999996	0	status_quo
Nigeria	LMIC	less_severe	0.8	0	Controlled	0	0	status_quo
Nigeria	LMIC	less_severe	0.8	0	Remission	0	0	status_quo
Nigeria	LMIC	less_severe	0.8	0	Death	0	0	status_quo
Nigeria	LMIC	less_severe	0.8	1	Untreated	0.677323237020581	2	status_quo
Nigeria	LMIC	less_severe	0.8	1	Treated	0.16578815270503472	2	status_quo
Nigeria	LMIC	less_severe	0.8	1	Controlled	0.026667817782072112	2	status_quo
Nigeria	LMIC	less_severe	0.8	1	Remission	0.05409660399065259	2	status_quo
Nigeria	LMIC	less_severe	0.8	1	Death	0.0761241885016596	2	status_quo
Nigeria	LMIC	less_severe	0.8	2	Untreated	0.5713258190877964	4	status_quo
Nigeria	LMIC	less_severe	0.8	2	Treated	0.13729455429426493	4	status_quo
Nigeria	LMIC	less_severe	0.8	2	Controlled	0.04819642043198699	4	status_quo
Nigeria	LMIC	less_severe	0.8	2	Remission	0.09877270492172575	4	status_quo
Nigeria	LMIC	less_severe	0.8	2	Death	0.14441050126422594	4	status_quo
Nigeria	LMIC	less_severe	0.8	3	Untreated	0.4801724194254242	6	status_quo
Nigeria	LMIC	less_severe	0.8	3	Treated	0.11358599912776776	6	status_quo
Nigeria	LMIC	less_severe	0.8	3	Controlled	0.06545357428105063	6	status_quo
Nigeria	LMIC	less_severe	0.8	3	Remission	0.1353298305131145	6	status_quo
Nigeria	LMIC	less_severe	0.8	3	Death	0.20545817665264288	6	status_quo
Nigeria	LMIC	less_severe	0.8	4	Untreated	0.4013298653655655	8	status_quo
Nigeria	LMIC	less_severe	0.8	4	Treated	0.09379423714052512	8	status_quo
Nigeria	LMIC	less_severe	0.8	4	Controlled	0.07912856348473797	8	status_quo
Nigeria	LMIC	less_severe	0.8	4	Remission	0.16481248087015007	8	status_quo
Nigeria	LMIC	less_severe	0.8	4	Death	0.26093485313902137	8	status_quo
Nigeria	LMIC	less_severe	0.8	5	Untreated	0.33363165662359984	10	status_quo
Nigeria	LMIC	less_severe	0.8	5	Treated	0.07730423608840797	10	status_quo
Nigeria	LMIC	less_severe	0.8	5	Controlled	0.08981050550922956	10	status_quo
Nigeria	LMIC	less_severe	0.8	5	Remission	0.18818874980229094	10	status_quo
Nigeria	LMIC	less_severe	0.8	5	Death	0.3110648519764717	10	status_quo
Nigeria	LMIC	severe	0.2	0	Untreated	0.2	0	bridged
Nigeria	LMIC	severe	0.2	0	Treated	0.8	0	bridged
Nigeria	LMIC	severe	0.2	0	Controlled	0	0	bridged
Nigeria	LMIC	severe	0.2	0	Remission	0	0	bridged
Nigeria	LMIC	severe	0.2	0	Death	0	0	bridged
Nigeria	LMIC	severe	0.2	1	Untreated	0.16933080925514524	2	bridged
Nigeria	LMIC	severe	0.2	1	Treated	0.6631526108201391	2	bridged
Nigeria	LMIC	severe	0.2	1	Controlled	0.10667127112828849	2	bridged
Nigeria	LMIC	severe	0.2	1	Remission	0.013524150997663147	2	bridged
Nigeria	LMIC	severe	0.2	1	Death	0.04732115779876412	2	bridged
Nigeria	LMIC	severe	0.2	2	Untreated	0.1428314547719491	4	bridged
Nigeria	LMIC	severe	0.2	2	Treated	0.5491782171770598	4	bridged
Nigeria	LMIC	severe	0.2	2	Controlled	0.192785681727948	4	bridged
Nigeria	LMIC	severe	0.2	2	Remission	0.02469317623043144	4	bridged
Nigeria	LMIC	severe	0.2	2	Death	0.09051147009261164	4	bridged
Nigeria	LMIC	severe	0.2	3	Untreated	0.12004310485635605	6	bridged
Nigeria	LMIC	severe	0.2	3	Treated	0.45434399651107116	6	bridged
Nigeria	LMIC	severe	0.2	3	Controlled	0.2618142971242026	6	bridged
Nigeria	LMIC	severe	0.2	3	Remission	0.03383245762827863	6	bridged
Nigeria	LMIC	severe	0.2	3	Death	0.12996614388009162	6	bridged
Nigeria	LMIC	severe	0.2	4	Untreated	0.10033246634139137	8	bridged
Nigeria	LMIC	severe	0.2	4	Treated	0.3751769485621006	8	bridged
Nigeria	LMIC	severe	0.2	4	Controlled	0.316514253938952	8	bridged
Nigeria	LMIC	severe	0.2	4	Remission	0.04120312021753752	8	bridged
Nigeria	LMIC	severe	0.2	4	Death	0.16677321094001862	8	bridged
Nigeria	LMIC	severe	0.2	5	Untreated	0.08340791415589996	10	bridged
Nigeria	LMIC	severe	0.2	5	Treated	0.30921694435363195	10	bridged
Nigeria	LMIC	severe	0.2	5	Controlled	0.35924202203691835	10	bridged
Nigeria	LMIC	severe	0.2	5	Remission	0.047047187450572736	10	bridged
Nigeria	LMIC	severe	0.2	5	Death	0.20108593200297706	10	bridged
Nigeria	LMIC	severe	0.8	0	Untreated	0.8	0	status_quo
Nigeria	LMIC	severe	0.8	0	Treated	0.19999999999999996	0	status_quo
Nigeria	LMIC	severe	0.8	0	Controlled	0	0	status_quo
Nigeria	LMIC	severe	0.8	0	Remission	0	0	status_quo
Nigeria	LMIC	severe	0.8	0	Death	0	0	status_quo
Nigeria	LMIC	severe	0.8	1	Untreated	0.677323237020581	2	status_quo
Nigeria	LMIC	severe	0.8	1	Treated	0.16578815270503472	2	status_quo
Nigeria	LMIC	severe	0.8	1	Controlled	0.026667817782072112	2	status_quo
Nigeria	LMIC	severe	0.8	1	Remission	0.05409660399065259	2	status_quo
Nigeria	LMIC	severe	0.8	1	Death	0.0761241885016596	2	status_quo
Nigeria	LMIC	severe	0.8	2	Untreated	0.5713258190877964	4	status_quo
Nigeria	LMIC	severe	0.8	2	Treated	0.13729455429426493	4	status_quo
Nigeria	LMIC	severe	0.8	2	Controlled	0.04819642043198699	4	status_quo
Nigeria	LMIC	severe	0.8	2	Remission	0.09877270492172575	4	status_quo
Nigeria	LMIC	severe	0.8	2	Death	0.14441050126422594	4	status_quo
Nigeria	LMIC	severe	0.8	3	Untreated	0.4801724194254242	6	status_quo
Nigeria	LMIC	severe	0.8	3	Treated	0.11358599912776776	6	status_quo
Nigeria	LMIC	severe	0.8	3	Controlled	0.06545357428105063	6	status_quo
Nigeria	LMIC	severe	0.8	3	Remission	0.1353298305131145	6	status_quo
Nigeria	LMIC	severe	0.8	3	Death	0.20545817665264288	6	status_quo
Nigeria	LMIC	severe	0.8	4	Untreated	0.4013298653655655	8	status_quo
Nigeria	LMIC	severe	0.8	4	Treated	0.09379423714052512	8	status_quo
Nigeria	LMIC	severe	0.8	4	Controlled	0.07912856348473797	8	status_quo
Nigeria	LMIC	severe	0.8	4	Remission	0.16481248087015007	8	status_quo
Nigeria	LMIC	severe	0.8	4	Death	0.26093485313902137	8	status_quo
Nigeria	LMIC	severe	0.8	5	Untreated	0.33363165662359984	10	status_quo
Nigeria	LMIC	severe	0.8	5	Treated	0.07730423608840797	10	status_quo
Nigeria	LMIC	severe	0.8	5	Controlled	0.08981050550922956	10	status_quo
Nigeria	LMIC	severe	0.8	5	Remission	0.18818874980229094	10	status_quo
Nigeria	LMIC	severe	0.8	5	Death	0.3110648519764717	10	status_quo
UK	HIC	less_severe	0.025	0	Untreated	0.025	0	bridged
UK	HIC	less_severe	0.025	0	Treated	0.975	0	bridged
UK	HIC	less_severe	0.025	0	Controlled	0	0	bridged
UK	HIC	less_severe	0.025	0	Remission	0	0	bridged
UK	HIC	less_severe	0.025	0	Death	0	0	bridged
UK	HIC	less_severe	0.025	1	Untreated	0.022934929363886056	2	bridged
UK	HIC	less_severe	0.025	1	Treated	0.7700099808170913	2	bridged
UK	HIC	less_severe	0.025	1	Controlled	0.20109249618625585	2	bridged
UK	HIC	less_severe	0.025	1	Remission	0.0018321133777694093	2	bridged
UK	HIC	less_severe	0.025	1	Death	0.0041304802549974335	2	bridged
UK	HIC	less_severe	0.025	2	Untreated	0.02100990807140537	4	bridged
UK	HIC	less_severe	0.025	2	Treated	0.6083253356236521	4	bridged
UK	HIC	less_severe	0.025	2	Controlled	0.35879330536526793	4	bridged
UK	HIC	less_severe	0.025	2	Remission	0.0035022006773615644	4	bridged
UK	HIC	less_severe	0.025	2	Death	0.008369250262313046	4	bridged
UK	HIC	less_severe	0.025	3	Untreated	0.019218609302469807	6	bridged
UK	HIC	less_severe	0.025	3	Treated	0.48075051973358746	6	bridged
UK	HIC	less_severe	0.025	3	Controlled	0.4823372939408224	6	bridged
UK	HIC	less_severe	0.025	3	Remission	0.005021163747389848	6	bridged
UK	HIC	less_severe	0.025	3	Death	0.012672413275730402	6	bridged
UK	HIC	less_severe	0.025	4	Untreated	0.017544073024780203	8	bridged
UK	HIC	less_severe	0.025	4	Treated	0.37995440331975	8	bridged
UK	HIC	less_severe	0.025	4	Controlled	0.5789013532268844	8	bridged
UK	HIC	less_severe	0.025	4	Remission	0.006398081836046111	8	bridged
UK	HIC	less_severe	0.025	4	Death	0.017202088592539223	8	bridged
UK	HIC	less_severe	0.025	5	Untreated	0.015982800517708565	10	bridged
UK	HIC	less_severe	0.025	5	Treated	0.3003081086736753	10	bridged
UK	HIC	less_severe	0.025	5	Controlled	0.6541500404968628	10	bridged
UK	HIC	less_severe	0.025	5	Remission	0.007641989656181278	10	bridged
UK	HIC	less_severe	0.025	5	Death	0.02191706065557206	10	bridged
UK	HIC	less_severe	0.1	0	Untreated	0.1	0	status_quo
UK	HIC	less_severe	0.1	0	Treated	0.9	0	status_quo
UK	HIC	less_severe	0.1	0	Controlled	0	0	status_quo
UK	HIC	less_severe	0.1	0	Remission	0	0	status_quo
UK	HIC	less_severe	0.1	0	Death	0	0	status_quo
UK	HIC	less_severe	0.1	1	Untreated	0.09173971745554423	2	status_quo
UK	HIC	less_severe	0.1	1	Treated	0.7107784438311612	2	status_quo
UK	HIC	less_severe	0.1	1	Controlled	0.18562384263346696	2	status_quo
UK	HIC	less_severe	0.1	1	Remission	0.007328453511077637	2	status_quo
UK	HIC	less_severe	0.1	1	Death	0.004529542568750044	2	status_quo
UK	HIC	less_severe	0.1	2	Untreated	0.08403963228562147	4	status_quo
UK	HIC	less_severe	0.1	2	Treated	0.5615310790372173	4	status_quo
UK	HIC	less_severe	0.1	2	Controlled	0.33119382033717043	4	status_quo
UK	HIC	less_severe	0.1	2	Remission	0.014008802709446258	4	status_quo
UK	HIC	less_severe	0.1	2	Death	0.009226665630544563	4	status_quo
UK	HIC	less_severe	0.1	3	Untreated	0.07687443720987923	6	status_quo
UK	HIC	less_severe	0.1	3	Treated	0.44376971052331154	6	status_quo
UK	HIC	less_severe	0.1	3	Controlled	0.4452344251761438	6	status_quo
UK	HIC	less_severe	0.1	3	Remission	0.020084654989559393	6	status_quo
UK	HIC	less_severe	0.1	3	Death	0.014036772101106057	6	status_quo
UK	HIC	less_severe	0.1	4	Untreated	0.07017629209912081	8	status_quo
UK	HIC	less_severe	0.1	4	Treated	0.3507271415259231	8	status_quo
UK	HIC	less_severe	0.1	4	Controlled	0.5343704799017395	8	status_quo
UK	HIC	less_severe	0.1	4	Remission	0.025592327344184443	8	status_quo
UK	HIC	less_severe	0.1	4	Death	0.01913375912903217	8	status_quo
UK	HIC	less_severe	0.1	5	Untreated	0.06393120207083426	10	status_quo
UK	HIC	less_severe	0.1	5	Treated	0.27720748492954644	10	status_quo
UK	HIC	less_severe	0.1	5	Controlled	0.6038308066124888	10	status_quo
UK	HIC	less_severe	0.1	5	Remission	0.03056795862472511	10	status_quo
UK	HIC	less_severe	0.1	5	Death	0.02446254776240547	10	status_quo
UK	HIC	severe	0.025	0	Untreated	0.025	0	bridged
UK	HIC	severe	0.025	0	Treated	0.975	0	bridged
UK	HIC	severe	0.025	0	Controlled	0	0	bridged
UK	HIC	severe	0.025	0	Remission	0	0	bridged
UK	HIC	severe	0.025	0	Death	0	0	bridged
UK	HIC	severe	0.025	1	Untreated	0.022934929363886056	2	bridged
UK	HIC	severe	0.025	1	Treated	0.7700099808170913	2	bridged
UK	HIC	severe	0.025	1	Controlled	0.20109249618625585	2	bridged
UK	HIC	severe	0.025	1	Remission	0.0018321133777694093	2	bridged
UK	HIC	severe	0.025	1	Death	0.0041304802549974335	2	bridged
UK	HIC	severe	0.025	2	Untreated	0.02100990807140537	4	bridged
UK	HIC	severe	0.025	2	Treated	0.6083253356236521	4	bridged
UK	HIC	severe	0.025	2	Controlled	0.35879330536526793	4	bridged
UK	HIC	severe	0.025	2	Remission	0.0035022006773615644	4	bridged
UK	HIC	severe	0.025	2	Death	0.008369250262313046	4	bridged
UK	HIC	severe	0.025	3	Untreated	0.019218609302469807	6	bridged
UK	HIC	severe	0.025	3	Treated	0.48075051973358746	6	bridged
UK	HIC	severe	0.025	3	Controlled	0.4823372939408224	6	bridged
UK	HIC	severe	0.025	3	Remission	0.005021163747389848	6	bridged
UK	HIC	severe	0.025	3	Death	0.012672413275730402	6	bridged
UK	HIC	severe	0.025	4	Untreated	0.017544073024780203	8	bridged
UK	HIC	severe	0.025	4	Treated	0.37995440331975	8	bridged
UK	HIC	severe	0.025	4	Controlled	0.5789013532268844	8	bridged
UK	HIC	severe	0.025	4	Remission	0.006398081836046111	8	bridged
UK	HIC	severe	0.025	4	Death	0.017202088592539223	8	bridged
UK	HIC	severe	0.025	5	Untreated	0.015982800517708565	10	bridged
UK	HIC	severe	0.025	5	Treated	0.3003081086736753	10	bridged
UK	HIC	severe	0.025	5	Controlled	0.6541500404968628	10	bridged
UK	HIC	severe	0.025	5	Remission	0.007641989656181278	10	bridged
UK	HIC	severe	0.025	5	Death	0.02191706065557206	10	bridged
UK	HIC	severe	0.1	0	Untreated	0.1	0	status_quo
UK	HIC	severe	0.1	0	Treated	0.9	0	status_quo
UK	HIC	severe	0.1	0	Controlled	0	0	status_quo
UK	HIC	severe	0.1	0	Remission	0	0	status_quo
UK	HIC	severe	0.1	0	Death	0	0	status_quo
UK	HIC	severe	0.1	1	Untreated	0.09173971745554423	2	status_quo
UK	HIC	severe	0.1	1	Treated	0.7107784438311612	2	status_quo
UK	HIC	severe	0.1	1	Controlled	0.18562384263346696	2	status_quo
UK	HIC	severe	0.1	1	Remission	0.007328453511077637	2	status_quo
UK	HIC	severe	0.1	1	Death	0.004529542568750044	2	status_quo
UK	HIC	severe	0.1	2	Untreated	0.08403963228562147	4	status_quo
UK	HIC	severe	0.1	2	Treated	0.5615310790372173	4	status_quo
UK	HIC	severe	0.1	2	Controlled	0.33119382033717043	4	status_quo
UK	HIC	severe	0.1	2	Remission	0.014008802709446258	4	status_quo
UK	HIC	severe	0.1	2	Death	0.009226665630544563	4	status_quo
UK	HIC	severe	0.1	3	Untreated	0.07687443720987923	6	status_quo
UK	HIC	severe	0.1	3	Treated	0.44376971052331154	6	status_quo
UK	HIC	severe	0.1	3	Controlled	0.4452344251761438	6	status_quo
UK	HIC	severe	0.1	3	Remission	0.020084654989559393	6	status_quo
UK	HIC	severe	0.1	3	Death	0.014036772101106057	6	status_quo
UK	HIC	severe	0.1	4	Untreated	0.07017629209912081	8	status_quo
UK	HIC	severe	0.1	4	Treated	0.3507271415259231	8	status_quo
UK	HIC	severe	0.1	4	Controlled	0.5343704799017395	8	status_quo
UK	HIC	severe	0.1	4	Remission	0.025592327344184443	8	status_quo
UK	HIC	severe	0.1	4	Death	0.01913375912903217	8	status_quo
UK	HIC	severe	0.1	5	Untreated	0.06393120207083426	10	status_quo
UK	HIC	severe	0.1	5	Treated	0.27720748492954644	10	status_quo
UK	HIC	severe	0.1	5	Controlled	0.6038308066124888	10	status_quo
UK	HIC	severe	0.1	5	Remission	0.03056795862472511	10	status_quo
UK	HIC	severe	0.1	5	Death	0.02446254776240547	10	status_quo
